order_id,customer_id,product_name,category,price,discount,quantity,delivery_days,rating,review_count,stock_left,is_flash_sale,region,payment_type,returned,final_price,order_date
1,151,Laptop,Tech,4778,34,4,4,4.7,489,21,0,South,UPI,0,3153.48,2023-01-01
2,192,Phone,Tech,1706,11,4,9,2.3,119,30,1,East,Card,1,1518.34,2023-01-02
3,114,Watch,Tech,3028,25,3,4,2.5,442,42,0,North,Card,0,2271.0,2023-01-03
4,171,Shoes,Fashion,1669,18,1,2,4.0,325,9,1,West,COD,0,1368.58,2023-01-04
5,160,Laptop,Tech,1330,44,4,2,2.4,246,11,1,East,COD,0,744.8,2023-01-05
6,120,Phone,Fashion,2151,6,3,5,4.8,431,27,1,North,COD,1,2021.94,2023-01-06
7,182,Headphones,Fashion,1636,46,1,4,4.0,191,5,0,East,UPI,0,883.44,2023-01-07
8,186,Watch,Fashion,3310,6,2,7,3.4,496,19,1,East,Card,0,3111.4,2023-01-08
9,174,Laptop,Fashion,975,25,1,5,4.5,402,4,0,North,Card,1,731.25,2023-01-09
10,174,Laptop,Tech,3310,39,4,6,1.2,322,22,0,West,COD,1,2019.1,2023-01-10
11,187,Shoes,Fashion,1826,4,4,4,2.0,209,8,0,East,COD,0,1752.96,2023-01-11
12,199,Shoes,Fashion,1519,20,4,2,2.9,102,28,0,West,UPI,1,1215.2,2023-01-12
13,123,Headphones,Tech,2336,13,4,9,1.9,328,15,1,West,Card,0,2032.32,2023-01-13
14,102,Headphones,Fashion,4756,3,4,7,4.0,371,45,1,West,UPI,0,4613.32,2023-01-14
15,121,Phone,Tech,2948,22,3,4,4.7,459,21,1,North,Card,1,2299.44,2023-01-15
16,152,Phone,Fashion,4793,41,4,3,2.7,132,7,0,South,UPI,1,2827.87,2023-01-16
17,101,Headphones,Tech,1783,19,3,3,2.4,322,19,1,West,COD,0,1444.23,2023-01-17
18,187,Headphones,Fashion,1159,14,2,9,4.8,138,13,0,South,UPI,1,996.74,2023-01-18
19,129,Watch,Tech,2510,49,4,5,2.8,120,38,0,South,UPI,1,1280.1,2023-01-19
20,137,Shoes,Fashion,898,44,4,3,3.0,93,36,0,East,COD,0,502.88,2023-01-20
21,101,Phone,Fashion,2233,28,1,5,2.4,451,49,1,West,Card,0,1607.76,2023-01-21
22,163,Shoes,Tech,2625,7,2,2,4.6,452,33,1,West,Card,0,2441.25,2023-01-22
23,159,Shoes,Tech,2671,40,4,4,3.3,128,10,0,West,COD,0,1602.6,2023-01-23
24,120,Headphones,Tech,574,47,4,2,4.0,90,39,1,South,UPI,0,304.22,2023-01-24
25,132,Watch,Tech,3971,18,2,2,4.2,91,32,1,North,UPI,0,3256.2200000000003,2023-01-25
26,175,Laptop,Fashion,1336,47,3,8,2.4,62,30,0,South,UPI,1,708.08,2023-01-26
27,157,Watch,Fashion,999,38,4,1,2.7,28,43,0,West,Card,1,619.38,2023-01-27
28,121,Watch,Tech,637,45,1,7,4.4,209,33,1,West,UPI,0,350.35,2023-01-28
29,188,Shoes,Fashion,2597,27,4,5,2.5,11,49,0,West,Card,1,1895.81,2023-01-29
30,148,Watch,Tech,4196,45,1,8,4.2,332,6,0,South,UPI,1,2307.8,2023-01-30
31,190,Phone,Tech,2385,26,1,1,4.8,296,48,1,West,COD,0,1764.9,2023-01-31
32,158,Shoes,Fashion,3257,3,4,7,3.5,129,22,1,East,COD,1,3159.29,2023-02-01
33,141,Phone,Fashion,4420,14,4,5,4.0,292,45,0,West,Card,1,3801.2,2023-02-02
34,191,Laptop,Fashion,2400,34,1,4,4.2,172,6,1,North,Card,0,1584.0,2023-02-03
35,159,Shoes,Fashion,3110,36,2,7,4.4,207,24,0,East,COD,1,1990.4,2023-02-04
36,179,Laptop,Fashion,4486,0,2,2,2.6,431,2,0,West,COD,1,4486.0,2023-02-05
37,114,Shoes,Fashion,1949,2,4,1,1.2,23,37,1,East,UPI,0,1910.02,2023-02-06
38,161,Headphones,Fashion,1046,46,3,1,2.6,98,19,0,West,COD,1,564.8399999999999,2023-02-07
39,161,Watch,Tech,2503,23,2,1,3.7,405,33,0,North,Card,1,1927.31,2023-02-08
40,146,Headphones,Tech,2596,26,4,5,2.8,355,48,0,West,COD,1,1921.04,2023-02-09
41,161,Laptop,Tech,1203,39,2,7,4.0,138,43,1,East,Card,0,733.8299999999999,2023-02-10
42,150,Watch,Tech,2903,35,3,2,2.4,313,43,1,North,Card,0,1886.95,2023-02-11
43,154,Shoes,Tech,2125,33,4,8,3.5,173,29,1,South,UPI,1,1423.75,2023-02-12
44,163,Watch,Fashion,3831,28,3,4,1.7,28,16,0,North,UPI,1,2758.3199999999997,2023-02-13
45,102,Phone,Tech,3478,23,4,3,4.0,418,9,0,North,UPI,0,2678.06,2023-02-14
46,150,Watch,Tech,3339,23,3,8,3.2,495,34,1,North,UPI,0,2571.0299999999997,2023-02-15
47,106,Phone,Tech,3884,41,2,2,1.8,142,19,1,East,COD,1,2291.56,2023-02-16
48,120,Watch,Tech,3159,3,2,3,2.2,315,17,1,North,UPI,0,3064.23,2023-02-17
49,172,Phone,Tech,2361,2,3,3,4.0,350,44,0,West,COD,1,2313.78,2023-02-18
50,138,Laptop,Tech,3356,33,3,1,2.9,41,43,1,North,UPI,1,2248.52,2023-02-19
51,117,Headphones,Tech,1185,48,3,6,1.9,488,26,0,North,UPI,0,616.2,2023-02-20
52,103,Shoes,Fashion,4783,22,4,2,4.9,298,48,1,West,Card,0,3730.74,2023-02-21
53,188,Watch,Fashion,2119,22,2,1,3.9,207,35,0,West,COD,1,1652.82,2023-02-22
54,159,Headphones,Tech,1931,44,4,2,4.8,329,22,0,South,Card,1,1081.3600000000001,2023-02-23
55,113,Shoes,Fashion,1375,4,2,6,2.7,432,31,1,North,UPI,0,1320.0,2023-02-24
56,108,Shoes,Fashion,2961,30,1,4,2.9,191,9,0,East,COD,1,2072.7,2023-02-25
57,189,Phone,Fashion,1865,40,4,6,4.6,159,10,1,North,UPI,0,1119.0,2023-02-26
58,152,Laptop,Fashion,1743,5,2,9,3.1,63,37,0,North,Card,0,1655.85,2023-02-27
59,101,Laptop,Tech,662,36,2,8,3.8,242,5,0,West,COD,0,423.68,2023-02-28
60,183,Headphones,Fashion,2474,9,4,1,2.0,257,40,1,South,Card,0,2251.34,2023-03-01
61,191,Laptop,Fashion,3791,39,4,8,2.8,151,46,0,North,UPI,0,2312.51,2023-03-02
62,159,Watch,Fashion,769,6,2,9,1.5,214,33,1,East,UPI,1,722.86,2023-03-03
63,170,Laptop,Tech,1131,38,4,6,1.8,321,35,1,North,UPI,0,701.22,2023-03-04
64,143,Headphones,Tech,1405,37,3,5,1.0,165,36,1,East,COD,0,885.15,2023-03-05
65,107,Laptop,Tech,3971,20,4,6,1.2,30,16,0,West,Card,0,3176.8,2023-03-06
66,146,Watch,Tech,3753,19,4,6,4.9,370,39,0,South,Card,0,3039.93,2023-03-07
67,134,Phone,Tech,2514,2,4,9,2.0,231,39,0,North,UPI,0,2463.72,2023-03-08
68,177,Headphones,Tech,2141,21,2,4,3.7,281,11,1,South,Card,0,1691.3899999999999,2023-03-09
69,180,Phone,Tech,704,46,3,2,4.4,28,20,1,North,COD,0,380.16,2023-03-10
70,135,Phone,Fashion,1081,3,1,9,3.2,194,39,0,East,UPI,1,1048.57,2023-03-11
71,149,Phone,Fashion,1340,27,1,2,1.6,333,18,0,South,UPI,1,978.2,2023-03-12
72,103,Shoes,Fashion,2219,11,3,9,3.9,255,2,1,North,UPI,1,1974.91,2023-03-13
73,101,Shoes,Tech,3143,37,3,2,3.4,280,17,0,West,COD,1,1980.09,2023-03-14
74,105,Phone,Tech,2797,35,3,8,3.9,303,18,1,East,UPI,0,1818.05,2023-03-15
75,153,Headphones,Tech,1374,46,2,9,4.1,320,46,0,South,UPI,1,741.96,2023-03-16
76,103,Watch,Tech,1189,40,1,9,4.9,436,5,1,North,UPI,0,713.4,2023-03-17
77,153,Watch,Tech,4500,4,3,9,3.3,322,15,0,South,UPI,1,4320.0,2023-03-18
78,192,Laptop,Fashion,3641,12,2,2,2.4,345,7,0,North,Card,1,3204.08,2023-03-19
79,162,Headphones,Fashion,1922,22,1,4,3.6,401,47,1,East,UPI,0,1499.16,2023-03-20
80,117,Shoes,Tech,1171,49,4,7,1.3,392,17,1,West,COD,0,597.21,2023-03-21
81,189,Phone,Tech,1671,29,2,2,4.6,293,47,1,East,UPI,1,1186.41,2023-03-22
82,143,Laptop,Tech,4226,36,1,1,1.5,86,42,0,South,UPI,1,2704.6400000000003,2023-03-23
83,133,Watch,Tech,1443,24,2,3,2.3,148,38,1,South,Card,1,1096.68,2023-03-24
84,173,Shoes,Fashion,1949,47,1,4,4.3,248,48,1,North,UPI,1,1032.97,2023-03-25
85,161,Shoes,Tech,4237,26,1,8,3.4,320,48,0,East,Card,0,3135.38,2023-03-26
86,199,Phone,Tech,3039,13,4,6,2.6,404,11,1,North,COD,1,2643.93,2023-03-27
87,113,Watch,Tech,4459,47,2,2,2.9,282,44,1,East,Card,1,2363.27,2023-03-28
88,194,Headphones,Tech,4760,46,3,9,4.4,361,9,1,South,UPI,1,2570.4,2023-03-29
89,147,Shoes,Fashion,2861,35,4,2,2.4,378,6,0,North,COD,1,1859.65,2023-03-30
90,114,Phone,Tech,4152,38,4,5,4.5,197,45,0,North,UPI,1,2574.24,2023-03-31
91,171,Headphones,Tech,4170,15,1,4,1.4,43,0,0,East,Card,0,3544.5,2023-04-01
92,177,Watch,Fashion,2253,21,3,7,4.1,355,48,1,West,COD,0,1779.87,2023-04-02
93,186,Shoes,Fashion,2852,20,2,8,4.4,27,35,0,East,COD,0,2281.6,2023-04-03
94,161,Headphones,Fashion,2438,20,3,5,1.7,428,20,1,West,Card,0,1950.4,2023-04-04
95,139,Headphones,Tech,870,7,3,5,2.7,16,36,1,East,Card,0,809.1,2023-04-05
96,184,Headphones,Tech,4979,48,3,2,1.7,126,23,1,South,COD,1,2589.08,2023-04-06
97,179,Shoes,Fashion,2431,15,3,8,3.8,378,24,0,North,COD,0,2066.35,2023-04-07
98,181,Shoes,Fashion,924,30,3,2,3.1,167,6,0,East,Card,0,646.8,2023-04-08
99,152,Laptop,Fashion,1394,41,1,6,3.5,243,41,1,South,UPI,1,822.46,2023-04-09
100,123,Watch,Fashion,1097,9,1,8,1.8,386,16,1,East,COD,0,998.27,2023-04-10
101,125,Phone,Fashion,3562,31,4,6,1.8,75,28,0,North,Card,0,2457.7799999999997,2023-04-11
102,188,Headphones,Fashion,2836,33,1,4,1.2,230,29,0,East,UPI,0,1900.12,2023-04-12
103,159,Laptop,Tech,2187,8,4,4,2.3,203,6,0,West,COD,0,2012.04,2023-04-13
104,140,Phone,Tech,1072,16,4,6,3.2,449,32,1,North,COD,1,900.48,2023-04-14
105,128,Laptop,Tech,2590,10,2,4,4.4,247,6,0,West,Card,1,2331.0,2023-04-15
106,114,Shoes,Fashion,4169,31,3,8,3.7,301,23,0,South,UPI,0,2876.6099999999997,2023-04-16
107,144,Headphones,Fashion,4772,9,1,9,2.7,213,10,0,South,COD,1,4342.52,2023-04-17
108,164,Phone,Fashion,2133,21,2,1,4.8,214,8,1,East,UPI,0,1685.07,2023-04-18
109,188,Phone,Fashion,2017,16,1,4,3.9,157,11,0,West,UPI,1,1694.28,2023-04-19
110,170,Phone,Fashion,4793,3,4,4,4.7,68,34,1,West,COD,1,4649.21,2023-04-20
111,108,Phone,Fashion,3157,47,1,2,3.1,392,3,1,North,UPI,1,1673.21,2023-04-21
112,187,Phone,Tech,4148,46,3,6,2.0,84,35,1,West,COD,1,2239.92,2023-04-22
113,100,Laptop,Tech,4088,24,4,3,1.2,266,27,0,West,UPI,1,3106.88,2023-04-23
114,107,Headphones,Fashion,2037,20,4,7,3.9,68,12,0,North,COD,1,1629.6,2023-04-24
115,187,Shoes,Tech,3637,36,2,5,1.5,98,22,0,North,Card,1,2327.6800000000003,2023-04-25
116,162,Shoes,Fashion,597,37,3,4,2.2,346,18,1,West,COD,1,376.11,2023-04-26
117,110,Shoes,Tech,3715,48,4,5,3.1,496,41,0,East,COD,1,1931.8,2023-04-27
118,180,Shoes,Fashion,4250,0,3,8,3.3,449,36,1,North,COD,1,4250.0,2023-04-28
119,107,Laptop,Fashion,3657,24,1,3,3.4,215,38,0,North,UPI,1,2779.32,2023-04-29
120,134,Watch,Tech,843,35,3,7,1.7,414,23,0,West,Card,0,547.95,2023-04-30
121,134,Headphones,Tech,1110,16,4,6,2.5,160,15,0,West,UPI,1,932.4,2023-05-01
122,132,Phone,Fashion,2227,40,2,1,3.5,422,32,0,North,UPI,0,1336.2,2023-05-02
123,104,Watch,Fashion,2790,23,4,7,4.9,93,11,1,West,COD,1,2148.3,2023-05-03
124,140,Shoes,Tech,2354,1,3,7,3.9,173,33,1,North,UPI,0,2330.46,2023-05-04
125,127,Watch,Tech,3108,39,3,1,4.7,164,6,1,East,COD,0,1895.88,2023-05-05
126,106,Headphones,Fashion,2579,14,4,9,4.0,114,10,1,East,Card,0,2217.94,2023-05-06
127,172,Phone,Tech,2824,31,3,6,3.4,219,30,0,North,UPI,1,1948.56,2023-05-07
128,171,Phone,Fashion,1677,38,1,2,1.8,443,28,1,North,UPI,1,1039.74,2023-05-08
129,111,Headphones,Fashion,1591,5,4,5,3.7,30,12,1,South,UPI,1,1511.45,2023-05-09
130,133,Headphones,Fashion,3291,0,2,4,3.5,10,30,1,South,COD,1,3291.0,2023-05-10
131,132,Shoes,Fashion,2249,46,4,7,3.4,342,1,0,West,COD,0,1214.46,2023-05-11
132,147,Phone,Tech,3175,22,1,8,3.0,376,38,1,West,UPI,1,2476.5,2023-05-12
133,122,Watch,Tech,1281,38,1,1,3.1,129,14,1,North,UPI,1,794.22,2023-05-13
134,161,Laptop,Tech,3548,16,1,5,2.3,487,10,0,North,Card,1,2980.32,2023-05-14
135,187,Laptop,Tech,2605,33,1,3,3.1,104,33,0,South,Card,1,1745.35,2023-05-15
136,136,Headphones,Tech,4367,40,1,1,1.8,26,38,1,South,Card,1,2620.2,2023-05-16
137,198,Shoes,Tech,2613,28,2,3,4.2,226,3,1,North,Card,1,1881.3600000000001,2023-05-17
138,143,Laptop,Tech,4470,8,3,6,1.7,1,10,0,East,Card,1,4112.4,2023-05-18
139,185,Phone,Fashion,2491,12,1,7,1.3,358,28,1,East,COD,1,2192.08,2023-05-19
140,190,Headphones,Tech,1567,5,1,8,2.7,100,1,0,West,Card,0,1488.65,2023-05-20
141,134,Watch,Tech,2077,5,4,4,3.6,20,15,1,North,Card,0,1973.15,2023-05-21
142,164,Headphones,Fashion,1511,19,2,3,2.8,57,38,1,North,UPI,1,1223.91,2023-05-22
143,198,Watch,Tech,2774,2,2,5,2.1,388,12,1,West,COD,1,2718.52,2023-05-23
144,146,Headphones,Tech,2314,16,3,9,3.2,179,36,1,South,Card,1,1943.76,2023-05-24
145,177,Headphones,Fashion,2926,48,2,6,2.4,428,16,1,South,Card,1,1521.52,2023-05-25
146,102,Headphones,Tech,4902,11,4,9,4.7,340,20,0,East,Card,0,4362.78,2023-05-26
147,100,Watch,Tech,3051,47,4,6,4.7,348,43,0,North,UPI,0,1617.03,2023-05-27
148,104,Watch,Tech,4157,46,3,2,3.0,19,18,1,South,UPI,1,2244.7799999999997,2023-05-28
149,189,Headphones,Fashion,507,44,4,5,2.3,254,6,1,East,UPI,0,283.91999999999996,2023-05-29
150,113,Laptop,Tech,3055,0,1,9,3.9,316,37,1,East,Card,0,3055.0,2023-05-30
151,126,Shoes,Tech,975,16,1,8,1.1,37,7,0,East,UPI,1,819.0,2023-05-31
152,108,Shoes,Fashion,2711,2,4,7,2.9,147,12,0,South,Card,1,2656.78,2023-06-01
153,178,Shoes,Tech,984,25,3,1,2.3,497,36,0,South,COD,1,738.0,2023-06-02
154,114,Watch,Fashion,2785,14,2,4,4.7,24,1,0,North,Card,0,2395.1,2023-06-03
155,189,Watch,Fashion,4025,35,3,7,1.0,385,40,0,North,UPI,0,2616.25,2023-06-04
156,141,Laptop,Tech,3839,31,2,7,3.2,120,10,0,East,COD,1,2648.91,2023-06-05
157,176,Shoes,Fashion,3322,31,4,6,4.0,415,23,0,East,Card,1,2292.1800000000003,2023-06-06
158,150,Shoes,Fashion,3424,3,4,8,2.9,25,5,0,South,COD,0,3321.28,2023-06-07
159,162,Headphones,Tech,758,17,1,6,1.3,453,25,1,South,COD,0,629.14,2023-06-08
160,195,Watch,Fashion,782,48,2,3,4.9,168,6,0,North,COD,1,406.64,2023-06-09
161,151,Shoes,Fashion,2398,18,3,4,3.1,322,38,0,North,Card,0,1966.3600000000001,2023-06-10
162,195,Laptop,Tech,4635,42,4,3,3.5,224,18,0,West,UPI,1,2688.3,2023-06-11
163,103,Laptop,Tech,3476,34,3,1,1.9,0,5,0,North,Card,1,2294.16,2023-06-12
164,193,Shoes,Tech,2767,39,1,5,2.9,306,42,1,South,UPI,0,1687.87,2023-06-13
165,122,Watch,Fashion,3700,13,2,1,2.7,260,28,0,East,Card,0,3219.0,2023-06-14
166,114,Laptop,Tech,1112,32,2,1,1.3,12,42,1,West,Card,0,756.1600000000001,2023-06-15
167,142,Headphones,Fashion,1187,13,4,2,1.4,402,38,1,North,Card,1,1032.69,2023-06-16
168,128,Laptop,Fashion,4190,33,2,4,4.3,395,1,1,North,UPI,1,2807.3,2023-06-17
169,135,Phone,Fashion,1112,3,4,6,2.0,47,18,0,South,Card,1,1078.64,2023-06-18
170,112,Phone,Fashion,2807,23,1,8,1.8,408,3,0,West,COD,1,2161.39,2023-06-19
171,131,Watch,Fashion,3513,28,2,3,3.0,312,5,0,North,Card,1,2529.36,2023-06-20
172,170,Shoes,Fashion,2281,18,4,1,4.1,370,48,1,East,COD,1,1870.42,2023-06-21
173,158,Watch,Fashion,3091,5,3,3,1.2,290,36,1,South,UPI,0,2936.45,2023-06-22
174,185,Watch,Tech,3196,32,4,3,3.3,331,27,1,West,UPI,1,2173.2799999999997,2023-06-23
175,127,Watch,Tech,4458,48,2,5,1.5,93,29,1,North,Card,1,2318.16,2023-06-24
176,165,Watch,Fashion,1074,39,1,4,1.1,260,6,0,North,Card,1,655.14,2023-06-25
177,141,Headphones,Fashion,2410,18,2,4,1.2,481,8,0,West,Card,1,1976.2,2023-06-26
178,144,Headphones,Tech,4104,0,2,9,4.3,277,24,0,South,COD,0,4104.0,2023-06-27
179,161,Laptop,Fashion,1169,4,4,7,1.5,358,32,1,West,UPI,1,1122.24,2023-06-28
180,156,Phone,Tech,4864,26,3,4,1.2,204,0,1,West,COD,0,3599.3599999999997,2023-06-29
181,105,Watch,Tech,1783,15,2,3,2.8,184,5,0,South,COD,0,1515.55,2023-06-30
182,127,Laptop,Tech,1423,5,3,6,4.4,174,17,0,North,Card,1,1351.85,2023-07-01
183,127,Phone,Fashion,1625,39,4,3,2.0,437,9,1,East,Card,1,991.25,2023-07-02
184,143,Shoes,Fashion,2029,12,3,6,2.7,386,27,0,South,COD,0,1785.52,2023-07-03
185,183,Headphones,Tech,2094,47,4,9,1.2,379,10,0,East,COD,0,1109.8200000000002,2023-07-04
186,129,Phone,Tech,746,34,1,6,2.8,308,32,1,North,Card,1,492.36,2023-07-05
187,161,Shoes,Tech,4211,18,3,4,3.3,467,0,1,West,Card,0,3453.02,2023-07-06
188,174,Phone,Tech,2060,11,3,5,3.3,414,12,1,East,COD,1,1833.4,2023-07-07
189,191,Headphones,Tech,2900,15,1,6,2.3,68,36,0,North,Card,1,2465.0,2023-07-08
190,188,Headphones,Fashion,2743,42,3,3,2.3,471,19,1,North,Card,0,1590.94,2023-07-09
191,161,Laptop,Tech,4364,9,1,8,1.4,103,0,0,West,COD,1,3971.24,2023-07-10
192,196,Watch,Fashion,2439,24,2,4,2.5,245,2,0,West,COD,1,1853.6399999999999,2023-07-11
193,100,Phone,Tech,3569,19,4,8,1.4,160,17,1,North,UPI,1,2890.89,2023-07-12
194,126,Phone,Fashion,726,30,1,3,4.1,199,40,0,North,COD,0,508.2,2023-07-13
195,161,Shoes,Fashion,4047,3,3,7,4.9,215,13,1,East,Card,0,3925.59,2023-07-14
196,176,Headphones,Fashion,764,43,1,9,4.9,433,30,1,North,COD,0,435.48,2023-07-15
197,102,Phone,Fashion,1895,22,3,4,4.5,211,26,0,North,COD,1,1478.1,2023-07-16
198,169,Headphones,Fashion,4057,1,2,8,3.4,15,16,0,East,COD,0,4016.43,2023-07-17
199,171,Phone,Fashion,1145,21,1,3,3.8,497,45,1,South,UPI,0,904.55,2023-07-18
200,126,Laptop,Tech,3490,36,2,7,2.1,371,28,1,East,UPI,0,2233.6,2023-07-19
201,108,Watch,Fashion,2399,7,4,3,3.5,331,35,1,East,Card,1,2231.07,2023-07-20
202,161,Phone,Tech,3004,6,3,7,2.8,204,36,1,West,UPI,1,2823.76,2023-07-21
203,136,Headphones,Fashion,3272,13,3,6,2.9,364,25,1,East,COD,0,2846.64,2023-07-22
204,196,Laptop,Fashion,1654,2,2,2,4.0,489,16,1,North,UPI,0,1620.92,2023-07-23
205,150,Phone,Tech,1087,49,4,3,2.1,38,21,0,North,COD,0,554.37,2023-07-24
206,143,Shoes,Fashion,2321,15,1,6,2.3,88,24,0,North,UPI,1,1972.85,2023-07-25
207,123,Watch,Tech,1485,18,1,4,4.7,429,1,0,South,UPI,0,1217.7,2023-07-26
208,178,Phone,Tech,4579,17,3,6,1.2,255,21,0,North,UPI,1,3800.57,2023-07-27
209,158,Laptop,Tech,3848,15,2,1,2.9,479,4,1,South,COD,1,3270.8,2023-07-28
210,131,Shoes,Tech,4331,7,2,1,4.7,253,3,0,North,UPI,1,4027.83,2023-07-29
211,195,Laptop,Fashion,1741,32,1,3,3.4,215,35,0,East,COD,0,1183.88,2023-07-30
212,187,Laptop,Fashion,689,48,4,8,3.2,367,5,1,West,COD,0,358.28,2023-07-31
213,151,Shoes,Tech,1480,11,4,8,2.0,302,20,0,North,Card,1,1317.2,2023-08-01
214,161,Laptop,Fashion,2198,10,1,4,2.4,171,12,1,South,UPI,1,1978.2,2023-08-02
215,157,Shoes,Fashion,2215,4,1,6,4.4,136,36,1,South,Card,1,2126.4,2023-08-03
216,151,Phone,Tech,3093,26,2,8,3.2,487,24,1,West,Card,1,2288.82,2023-08-04
217,111,Shoes,Fashion,4636,11,4,7,3.1,497,25,1,North,COD,0,4126.04,2023-08-05
218,138,Shoes,Tech,4933,16,1,7,1.4,470,38,1,East,UPI,0,4143.72,2023-08-06
219,101,Watch,Tech,1598,5,1,4,1.1,383,19,0,North,COD,1,1518.1,2023-08-07
220,102,Shoes,Fashion,2826,32,3,9,4.9,177,32,0,North,COD,1,1921.6799999999998,2023-08-08
221,155,Shoes,Fashion,3747,4,1,6,2.5,76,13,0,West,UPI,1,3597.12,2023-08-09
222,180,Phone,Fashion,1395,27,1,3,3.4,187,35,1,North,COD,0,1018.35,2023-08-10
223,158,Watch,Tech,2174,13,4,5,1.3,479,16,0,East,UPI,1,1891.38,2023-08-11
224,101,Headphones,Tech,3409,4,2,5,3.7,497,20,0,South,UPI,0,3272.64,2023-08-12
225,101,Phone,Fashion,1430,32,4,5,4.7,14,45,0,West,COD,1,972.4,2023-08-13
226,191,Phone,Fashion,4884,49,2,8,3.3,291,15,0,East,COD,0,2490.84,2023-08-14
227,153,Headphones,Fashion,1223,47,3,9,1.5,496,45,1,South,Card,0,648.19,2023-08-15
228,186,Shoes,Fashion,3440,40,1,9,3.3,318,15,0,West,COD,1,2064.0,2023-08-16
229,195,Laptop,Tech,1589,18,3,6,4.1,324,19,1,West,UPI,0,1302.98,2023-08-17
230,196,Watch,Fashion,1435,21,2,6,2.6,213,28,1,South,Card,0,1133.65,2023-08-18
231,100,Laptop,Tech,2795,4,4,9,4.5,207,27,0,South,UPI,0,2683.2,2023-08-19
232,118,Headphones,Tech,655,1,4,4,3.6,168,7,1,East,Card,0,648.45,2023-08-20
233,101,Phone,Fashion,1570,29,3,6,4.6,329,23,1,North,COD,1,1114.7,2023-08-21
234,152,Phone,Fashion,2458,46,2,4,3.5,279,2,1,North,COD,1,1327.32,2023-08-22
235,143,Watch,Fashion,3001,38,3,1,1.5,465,24,1,North,COD,1,1860.62,2023-08-23
236,189,Phone,Tech,4719,3,3,7,2.2,304,18,1,North,UPI,1,4577.43,2023-08-24
237,131,Phone,Fashion,4330,32,1,6,1.8,145,32,1,North,Card,1,2944.4,2023-08-25
238,169,Watch,Fashion,1354,12,3,9,4.6,262,1,1,East,UPI,0,1191.52,2023-08-26
239,131,Watch,Tech,1139,19,1,7,4.0,3,14,0,West,Card,0,922.59,2023-08-27
240,167,Headphones,Fashion,2738,6,1,7,3.7,89,21,0,East,COD,0,2573.72,2023-08-28
241,154,Phone,Tech,2102,14,4,2,2.2,452,9,1,East,UPI,0,1807.72,2023-08-29
242,174,Phone,Fashion,941,22,1,9,1.7,59,17,1,East,COD,1,733.98,2023-08-30
243,155,Headphones,Tech,1836,13,1,9,4.0,310,21,0,West,UPI,1,1597.32,2023-08-31
244,116,Shoes,Fashion,4200,22,4,6,2.9,15,45,0,East,COD,0,3276.0,2023-09-01
245,137,Shoes,Fashion,1448,18,3,3,1.9,226,48,0,East,UPI,1,1187.3600000000001,2023-09-02
246,123,Shoes,Tech,3873,28,2,1,3.5,473,26,0,West,UPI,0,2788.56,2023-09-03
247,168,Headphones,Tech,959,19,2,4,1.2,465,12,1,East,Card,0,776.79,2023-09-04
248,197,Phone,Fashion,892,28,2,3,2.3,28,32,1,North,COD,1,642.24,2023-09-05
249,169,Headphones,Tech,4438,23,3,1,2.9,150,4,0,South,Card,1,3417.26,2023-09-06
250,185,Headphones,Tech,2287,17,1,3,1.6,244,25,0,East,Card,1,1898.21,2023-09-07
251,110,Shoes,Tech,2757,9,2,4,4.9,269,12,0,South,COD,1,2508.87,2023-09-08
252,115,Laptop,Tech,1638,40,3,8,1.8,78,26,0,East,UPI,1,982.8,2023-09-09
253,196,Phone,Fashion,4308,7,1,9,1.5,432,13,1,East,Card,1,4006.44,2023-09-10
254,172,Shoes,Fashion,2954,25,4,3,1.8,288,23,0,North,COD,1,2215.5,2023-09-11
255,158,Laptop,Tech,1966,28,2,6,4.1,152,2,0,West,UPI,0,1415.52,2023-09-12
256,169,Laptop,Tech,4174,9,1,5,2.7,276,46,0,South,Card,1,3798.34,2023-09-13
257,179,Watch,Tech,1877,16,2,6,3.3,400,48,1,West,Card,0,1576.68,2023-09-14
258,192,Phone,Tech,3097,1,2,4,1.1,278,29,1,North,Card,0,3066.03,2023-09-15
259,102,Laptop,Fashion,641,5,2,6,1.1,56,34,1,North,UPI,1,608.95,2023-09-16
260,119,Shoes,Fashion,3159,4,1,7,2.8,490,47,0,South,Card,0,3032.64,2023-09-17
261,158,Watch,Tech,1339,27,3,9,4.3,464,13,0,West,UPI,1,977.47,2023-09-18
262,135,Phone,Tech,4118,40,1,7,4.5,185,11,0,North,Card,0,2470.8,2023-09-19
263,118,Headphones,Tech,4417,4,2,6,1.3,397,27,1,East,COD,0,4240.32,2023-09-20
264,189,Shoes,Fashion,1095,17,1,1,3.2,92,43,1,East,Card,0,908.85,2023-09-21
265,166,Laptop,Tech,2404,25,4,2,4.7,275,28,0,East,COD,1,1803.0,2023-09-22
266,118,Laptop,Fashion,780,19,3,1,2.6,157,42,0,West,COD,0,631.8,2023-09-23
267,119,Shoes,Tech,923,40,1,9,4.3,274,16,1,East,COD,0,553.8,2023-09-24
268,195,Laptop,Fashion,4865,48,4,9,1.5,180,39,0,East,UPI,0,2529.8,2023-09-25
269,170,Watch,Tech,4749,26,3,7,4.7,358,48,0,North,COD,1,3514.26,2023-09-26
270,151,Phone,Fashion,2250,48,4,2,4.0,439,20,0,North,Card,0,1170.0,2023-09-27
271,132,Watch,Tech,2467,11,3,6,4.8,76,22,1,East,UPI,1,2195.63,2023-09-28
272,139,Laptop,Tech,4588,6,1,4,3.7,465,19,0,East,COD,0,4312.72,2023-09-29
273,138,Headphones,Tech,4678,2,4,1,2.5,150,10,0,North,UPI,0,4584.44,2023-09-30
274,181,Phone,Fashion,3446,9,2,1,4.8,445,33,0,South,UPI,0,3135.86,2023-10-01
275,100,Phone,Tech,1949,33,4,5,2.1,237,9,0,West,UPI,1,1305.83,2023-10-02
276,110,Shoes,Fashion,2831,24,3,2,2.3,288,9,1,West,Card,0,2151.56,2023-10-03
277,191,Shoes,Fashion,2720,34,1,4,3.8,230,42,1,North,COD,0,1795.2,2023-10-04
278,156,Headphones,Tech,4289,15,3,1,4.1,487,5,1,West,UPI,0,3645.65,2023-10-05
279,188,Phone,Tech,3310,1,4,4,4.7,17,35,0,North,UPI,0,3276.9,2023-10-06
280,149,Headphones,Tech,2031,23,4,6,1.8,72,23,1,North,UPI,1,1563.87,2023-10-07
281,122,Shoes,Fashion,3490,9,2,4,4.2,416,11,0,North,COD,0,3175.9,2023-10-08
282,130,Shoes,Tech,4993,37,1,1,4.0,415,42,1,North,UPI,0,3145.59,2023-10-09
283,193,Phone,Fashion,1643,21,1,7,1.3,188,22,0,South,UPI,0,1297.97,2023-10-10
284,141,Watch,Fashion,1433,25,4,2,2.5,437,26,1,East,Card,0,1074.75,2023-10-11
285,198,Laptop,Tech,1960,42,1,9,2.1,16,44,1,East,COD,1,1136.8,2023-10-12
286,106,Shoes,Tech,3223,38,2,3,2.2,18,36,1,South,Card,0,1998.26,2023-10-13
287,115,Shoes,Tech,3012,26,3,8,4.9,218,5,0,West,COD,0,2228.88,2023-10-14
288,189,Watch,Tech,785,28,1,8,3.6,325,0,0,West,COD,1,565.2,2023-10-15
289,159,Watch,Tech,764,46,4,3,3.9,482,5,0,East,COD,0,412.56,2023-10-16
290,101,Headphones,Tech,2867,37,3,4,4.9,119,49,1,West,Card,0,1806.21,2023-10-17
291,100,Headphones,Fashion,3947,19,3,2,2.5,100,21,0,East,Card,0,3197.07,2023-10-18
292,147,Laptop,Fashion,2262,26,2,4,4.2,33,40,0,East,Card,1,1673.88,2023-10-19
293,111,Laptop,Fashion,3548,40,4,9,2.7,83,23,0,South,Card,0,2128.8,2023-10-20
294,168,Phone,Tech,2881,19,1,2,4.5,408,24,0,West,UPI,1,2333.61,2023-10-21
295,136,Headphones,Fashion,2769,43,4,3,1.7,195,14,0,South,UPI,1,1578.33,2023-10-22
296,131,Shoes,Fashion,540,18,3,4,4.8,329,25,0,East,UPI,1,442.8,2023-10-23
297,108,Headphones,Fashion,567,19,4,5,1.9,201,7,1,East,COD,1,459.27,2023-10-24
298,198,Shoes,Fashion,1487,34,1,1,2.3,343,23,1,East,UPI,1,981.4200000000001,2023-10-25
299,118,Watch,Fashion,4508,46,1,7,4.0,340,47,0,North,COD,1,2434.32,2023-10-26
300,147,Headphones,Tech,3698,1,2,7,2.6,10,37,1,North,Card,1,3661.02,2023-10-27
301,179,Watch,Tech,3024,29,1,9,3.4,346,5,1,North,COD,0,2147.04,2023-10-28
302,102,Laptop,Fashion,1585,33,1,4,2.8,399,34,0,South,COD,0,1061.95,2023-10-29
303,119,Laptop,Fashion,2979,21,4,6,4.0,217,41,0,East,UPI,1,2353.41,2023-10-30
304,123,Phone,Fashion,2193,2,4,2,1.9,444,0,1,West,Card,1,2149.14,2023-10-31
305,153,Headphones,Tech,2815,5,3,4,1.2,252,45,0,South,Card,1,2674.25,2023-11-01
306,132,Watch,Tech,1278,14,2,2,2.2,221,35,1,South,UPI,1,1099.08,2023-11-02
307,123,Shoes,Fashion,2085,26,4,5,2.9,382,11,1,South,Card,1,1542.9,2023-11-03
308,174,Laptop,Tech,1992,9,1,7,1.7,368,37,1,West,Card,1,1812.72,2023-11-04
309,171,Laptop,Tech,1160,8,3,1,2.4,79,10,0,East,Card,0,1067.2,2023-11-05
310,135,Shoes,Fashion,1848,32,4,7,2.6,6,11,1,North,UPI,0,1256.6399999999999,2023-11-06
311,137,Watch,Tech,1799,31,2,6,1.2,271,41,0,East,Card,1,1241.31,2023-11-07
312,183,Watch,Tech,4440,47,2,6,3.3,226,49,0,East,COD,1,2353.2,2023-11-08
313,198,Headphones,Fashion,2486,5,3,8,4.5,15,38,0,South,COD,1,2361.7,2023-11-09
314,188,Headphones,Tech,2544,40,3,8,1.6,423,6,0,South,Card,0,1526.4,2023-11-10
315,198,Phone,Tech,4016,35,3,6,3.4,11,10,0,South,UPI,1,2610.4,2023-11-11
316,124,Laptop,Fashion,1558,1,3,3,3.7,290,35,1,North,UPI,0,1542.42,2023-11-12
317,192,Headphones,Tech,1476,28,3,5,2.7,240,30,0,North,UPI,0,1062.72,2023-11-13
318,117,Watch,Tech,1227,3,1,2,3.8,20,32,0,North,Card,0,1190.19,2023-11-14
319,181,Shoes,Fashion,3027,0,1,5,2.6,177,12,0,East,Card,1,3027.0,2023-11-15
320,165,Watch,Fashion,3636,18,4,9,3.0,426,17,0,South,COD,1,2981.52,2023-11-16
321,153,Laptop,Fashion,842,25,2,1,1.0,227,40,0,West,UPI,0,631.5,2023-11-17
322,134,Watch,Tech,1947,24,1,5,3.8,495,23,1,East,COD,0,1479.72,2023-11-18
323,179,Phone,Fashion,2879,9,1,6,3.6,272,8,0,North,COD,0,2619.89,2023-11-19
324,160,Laptop,Tech,4159,14,1,7,1.2,287,30,0,West,UPI,0,3576.74,2023-11-20
325,140,Shoes,Fashion,1026,21,4,9,2.5,296,40,1,West,Card,1,810.54,2023-11-21
326,199,Phone,Tech,2396,47,3,6,4.9,133,9,0,South,Card,0,1269.88,2023-11-22
327,132,Laptop,Fashion,2573,20,4,5,2.7,471,1,1,West,COD,1,2058.4,2023-11-23
328,167,Shoes,Fashion,905,21,2,7,3.0,282,37,1,North,COD,0,714.95,2023-11-24
329,132,Phone,Fashion,2073,35,2,1,4.6,403,14,1,South,COD,1,1347.45,2023-11-25
330,113,Phone,Fashion,4240,33,2,5,3.9,152,2,1,West,COD,0,2840.8,2023-11-26
331,120,Laptop,Tech,4774,29,2,2,3.3,65,42,0,South,UPI,1,3389.54,2023-11-27
332,147,Headphones,Fashion,4727,24,1,4,4.2,136,30,0,West,COD,1,3592.52,2023-11-28
333,119,Phone,Fashion,2346,44,1,7,4.5,91,5,1,East,COD,1,1313.76,2023-11-29
334,107,Phone,Tech,1978,27,4,5,2.8,436,2,1,East,Card,0,1443.94,2023-11-30
335,106,Shoes,Fashion,2895,0,3,6,2.9,316,10,0,North,Card,1,2895.0,2023-12-01
336,166,Watch,Tech,1271,48,2,2,2.5,421,14,1,East,Card,0,660.92,2023-12-02
337,116,Laptop,Fashion,1078,44,4,3,4.9,258,44,1,East,UPI,1,603.6800000000001,2023-12-03
338,132,Laptop,Fashion,3401,3,1,7,3.8,467,27,1,East,UPI,1,3298.97,2023-12-04
339,147,Headphones,Fashion,693,6,1,2,1.3,453,9,0,West,Card,0,651.42,2023-12-05
340,175,Headphones,Tech,2507,48,3,6,4.5,102,37,1,West,Card,1,1303.64,2023-12-06
341,158,Laptop,Fashion,1685,8,3,5,2.9,480,46,0,South,COD,1,1550.2,2023-12-07
342,185,Headphones,Fashion,2894,35,3,1,1.3,54,49,0,West,COD,0,1881.1,2023-12-08
343,121,Shoes,Fashion,3498,18,4,4,3.2,256,49,0,East,UPI,1,2868.36,2023-12-09
344,129,Laptop,Tech,2292,0,1,2,2.7,100,6,1,West,UPI,1,2292.0,2023-12-10
345,137,Headphones,Tech,1610,9,1,4,4.5,197,14,1,North,COD,1,1465.1,2023-12-11
346,150,Laptop,Fashion,4505,35,3,1,1.8,300,17,0,South,Card,1,2928.25,2023-12-12
347,153,Watch,Tech,2761,8,2,2,4.3,225,17,0,South,COD,0,2540.12,2023-12-13
348,107,Phone,Fashion,4236,44,3,8,3.2,430,40,0,West,UPI,1,2372.16,2023-12-14
349,126,Laptop,Fashion,4293,45,4,6,1.2,462,23,1,East,UPI,1,2361.15,2023-12-15
350,126,Phone,Fashion,2436,41,3,2,4.9,236,1,1,South,COD,1,1437.24,2023-12-16
351,197,Headphones,Fashion,4857,31,3,6,3.1,25,39,0,North,COD,1,3351.33,2023-12-17
352,120,Phone,Fashion,1229,31,4,9,2.2,120,19,0,North,COD,1,848.01,2023-12-18
353,129,Laptop,Fashion,4878,5,3,7,2.9,397,33,1,South,UPI,1,4634.1,2023-12-19
354,196,Watch,Fashion,3951,47,1,9,4.4,181,42,0,East,Card,1,2094.0299999999997,2023-12-20
355,127,Headphones,Tech,4957,37,2,5,2.2,198,25,1,East,COD,1,3122.91,2023-12-21
356,163,Laptop,Tech,2640,16,3,7,1.8,301,6,1,West,UPI,0,2217.6,2023-12-22
357,196,Headphones,Tech,2144,9,4,7,1.5,254,37,0,West,UPI,0,1951.04,2023-12-23
358,168,Shoes,Tech,3300,49,2,3,2.2,121,29,0,South,UPI,0,1683.0,2023-12-24
359,160,Phone,Tech,641,26,4,7,4.1,30,41,1,West,COD,0,474.34000000000003,2023-12-25
360,147,Shoes,Tech,1955,49,2,1,2.9,471,4,1,West,COD,1,997.05,2023-12-26
361,118,Laptop,Tech,2596,34,2,9,1.9,314,10,1,West,Card,1,1713.3600000000001,2023-12-27
362,103,Watch,Fashion,1825,20,3,6,1.7,478,0,1,North,UPI,0,1460.0,2023-12-28
363,134,Headphones,Fashion,1713,24,1,5,2.3,284,33,1,West,COD,0,1301.88,2023-12-29
364,163,Phone,Fashion,1659,27,3,7,4.8,105,0,0,South,UPI,0,1211.07,2023-12-30
365,148,Headphones,Fashion,4999,46,4,5,2.4,223,18,1,East,UPI,1,2699.46,2023-12-31
366,116,Laptop,Tech,840,14,4,5,5.0,272,1,1,West,Card,1,722.4,2024-01-01
367,143,Headphones,Tech,4328,3,2,7,2.9,397,20,1,East,COD,0,4198.16,2024-01-02
368,191,Phone,Fashion,2468,28,2,7,1.7,231,19,0,West,COD,0,1776.96,2024-01-03
369,129,Laptop,Fashion,1203,8,1,3,4.6,419,22,0,South,UPI,0,1106.76,2024-01-04
370,192,Headphones,Tech,4913,26,3,3,2.8,255,20,1,North,UPI,0,3635.62,2024-01-05
371,145,Watch,Fashion,2929,25,4,3,3.8,441,23,1,South,Card,0,2196.75,2024-01-06
372,105,Laptop,Fashion,2300,18,2,6,4.9,495,3,0,North,Card,1,1886.0,2024-01-07
373,198,Laptop,Fashion,1355,27,1,6,1.2,23,11,0,West,Card,0,989.15,2024-01-08
374,136,Watch,Fashion,2312,16,4,3,1.4,108,21,0,West,Card,1,1942.08,2024-01-09
375,123,Shoes,Tech,3366,42,2,3,3.9,190,19,0,North,Card,0,1952.28,2024-01-10
376,192,Phone,Fashion,4142,40,4,8,2.1,346,17,1,South,Card,0,2485.2,2024-01-11
377,145,Shoes,Fashion,682,41,1,8,1.7,24,0,0,South,UPI,1,402.38,2024-01-12
378,152,Headphones,Tech,3612,49,1,7,1.2,186,29,1,North,Card,0,1842.12,2024-01-13
379,194,Watch,Tech,4992,19,4,4,1.1,287,32,1,West,UPI,1,4043.52,2024-01-14
380,198,Shoes,Fashion,2017,44,3,4,4.1,115,23,0,North,UPI,1,1129.52,2024-01-15
381,159,Laptop,Tech,1856,39,4,3,1.5,337,13,0,West,COD,0,1132.1599999999999,2024-01-16
382,196,Headphones,Fashion,2674,38,2,5,2.9,365,35,0,North,UPI,0,1657.88,2024-01-17
383,162,Headphones,Fashion,4129,48,3,3,3.4,401,4,0,West,UPI,1,2147.08,2024-01-18
384,184,Shoes,Tech,4128,22,2,8,2.7,36,10,1,North,Card,1,3219.84,2024-01-19
385,131,Shoes,Fashion,4596,46,4,7,1.1,281,23,1,East,UPI,0,2481.84,2024-01-20
386,186,Watch,Fashion,3739,31,3,3,4.1,136,30,1,West,Card,1,2579.91,2024-01-21
387,132,Phone,Fashion,4191,46,2,9,1.0,226,12,0,South,Card,0,2263.1400000000003,2024-01-22
388,166,Shoes,Fashion,518,32,4,5,4.0,319,15,1,North,Card,1,352.24,2024-01-23
389,117,Shoes,Tech,3903,45,4,9,4.6,327,23,0,South,COD,0,2146.65,2024-01-24
390,124,Laptop,Tech,3504,4,3,7,2.7,403,12,1,North,Card,1,3363.84,2024-01-25
391,194,Headphones,Fashion,1632,42,4,7,3.1,181,23,0,South,UPI,1,946.56,2024-01-26
392,153,Phone,Tech,3839,47,1,6,2.9,361,25,1,South,Card,0,2034.67,2024-01-27
393,157,Laptop,Fashion,3811,33,2,2,2.6,85,1,1,North,Card,1,2553.37,2024-01-28
394,166,Watch,Fashion,3872,39,2,9,4.5,466,15,0,North,Card,1,2361.92,2024-01-29
395,145,Watch,Fashion,1487,10,4,6,4.6,413,37,1,South,COD,1,1338.3,2024-01-30
396,123,Shoes,Fashion,3821,49,4,8,2.3,52,45,1,South,UPI,1,1948.71,2024-01-31
397,131,Shoes,Fashion,673,2,1,1,3.5,347,0,0,South,COD,1,659.54,2024-02-01
398,146,Watch,Tech,4241,32,3,5,4.7,354,48,0,West,UPI,1,2883.88,2024-02-02
399,185,Shoes,Fashion,3552,10,4,1,4.8,234,10,0,West,COD,1,3196.8,2024-02-03
400,122,Phone,Tech,1226,15,4,8,3.0,446,34,0,East,UPI,0,1042.1,2024-02-04
401,165,Shoes,Tech,4260,17,4,8,2.8,266,42,0,West,COD,1,3535.8,2024-02-05
402,126,Headphones,Fashion,2375,29,4,1,2.1,286,28,1,West,Card,1,1686.25,2024-02-06
403,101,Shoes,Fashion,4533,47,2,9,4.8,432,36,0,North,COD,0,2402.49,2024-02-07
404,189,Laptop,Fashion,1489,9,4,2,1.6,495,16,1,East,COD,1,1354.99,2024-02-08
405,116,Phone,Fashion,4244,17,2,9,3.3,486,38,1,East,Card,1,3522.52,2024-02-09
406,132,Laptop,Fashion,3186,37,4,1,2.1,99,41,0,West,Card,0,2007.18,2024-02-10
407,108,Laptop,Tech,919,18,3,9,2.1,477,27,1,North,UPI,1,753.58,2024-02-11
408,142,Headphones,Fashion,1093,35,1,4,2.6,86,28,1,North,UPI,1,710.45,2024-02-12
409,147,Phone,Fashion,2274,12,3,9,5.0,402,42,0,East,UPI,0,2001.12,2024-02-13
410,138,Phone,Tech,2959,45,4,7,1.2,395,2,1,North,COD,0,1627.45,2024-02-14
411,192,Phone,Tech,1435,2,4,6,3.3,14,9,0,South,UPI,1,1406.3,2024-02-15
412,141,Phone,Fashion,4308,9,4,5,1.3,414,41,0,West,COD,1,3920.2799999999997,2024-02-16
413,125,Phone,Tech,831,37,3,9,1.6,426,13,0,South,COD,0,523.53,2024-02-17
414,198,Headphones,Fashion,3949,0,4,2,2.8,100,11,1,East,UPI,1,3949.0,2024-02-18
415,149,Shoes,Tech,3202,26,3,2,3.0,164,46,1,East,UPI,0,2369.48,2024-02-19
416,124,Laptop,Tech,4506,45,2,9,2.0,462,41,1,North,COD,0,2478.3,2024-02-20
417,123,Phone,Fashion,4368,7,1,3,2.3,28,29,1,North,Card,0,4062.24,2024-02-21
418,112,Shoes,Tech,4700,45,1,8,1.3,113,31,0,East,Card,1,2585.0,2024-02-22
419,159,Shoes,Tech,701,41,3,9,2.2,106,31,1,East,COD,0,413.59,2024-02-23
420,106,Laptop,Tech,2997,16,2,8,4.9,409,41,0,South,UPI,0,2517.48,2024-02-24
421,156,Headphones,Tech,2342,8,3,4,4.8,363,31,1,South,COD,0,2154.64,2024-02-25
422,135,Watch,Tech,2366,5,2,1,2.3,129,25,1,North,COD,1,2247.7,2024-02-26
423,144,Watch,Tech,2496,42,4,4,3.3,83,0,1,South,UPI,1,1447.68,2024-02-27
424,119,Shoes,Fashion,1409,24,2,9,4.6,270,41,1,North,Card,1,1070.84,2024-02-28
425,164,Laptop,Fashion,4805,38,2,2,1.0,243,1,1,North,COD,0,2979.1,2024-02-29
426,107,Watch,Tech,3689,48,2,3,4.2,387,16,0,West,Card,1,1918.28,2024-03-01
427,115,Shoes,Fashion,1270,27,1,8,4.8,213,29,1,North,Card,1,927.1,2024-03-02
428,113,Headphones,Fashion,3655,32,2,6,1.4,305,38,1,South,UPI,0,2485.4,2024-03-03
429,175,Watch,Fashion,3001,36,4,8,1.6,165,6,1,East,COD,0,1920.64,2024-03-04
430,186,Shoes,Tech,3214,8,4,7,4.8,278,26,1,East,COD,1,2956.88,2024-03-05
431,114,Shoes,Fashion,4085,17,4,5,3.2,58,8,0,South,Card,1,3390.55,2024-03-06
432,191,Phone,Tech,2128,20,2,9,1.1,89,21,1,East,Card,0,1702.4,2024-03-07
433,197,Headphones,Fashion,886,1,3,4,2.0,370,33,0,North,UPI,1,877.14,2024-03-08
434,165,Phone,Tech,3921,42,3,6,2.8,330,45,1,East,Card,0,2274.1800000000003,2024-03-09
435,131,Laptop,Tech,4508,37,4,2,3.8,411,48,0,South,UPI,0,2840.04,2024-03-10
436,186,Phone,Fashion,4593,39,1,2,3.9,193,0,0,East,COD,1,2801.73,2024-03-11
437,162,Phone,Fashion,4863,35,3,2,5.0,122,8,0,North,UPI,1,3160.95,2024-03-12
438,185,Watch,Tech,2966,49,2,7,2.2,135,19,0,North,Card,1,1512.66,2024-03-13
439,150,Shoes,Fashion,2782,42,3,2,3.2,412,18,0,South,COD,1,1613.56,2024-03-14
440,124,Headphones,Fashion,2356,36,4,2,3.1,138,35,1,South,UPI,0,1507.8400000000001,2024-03-15
441,157,Phone,Fashion,2498,14,1,9,2.6,228,39,0,South,COD,1,2148.2799999999997,2024-03-16
442,162,Headphones,Tech,1736,27,3,7,1.7,273,44,1,West,UPI,1,1267.28,2024-03-17
443,161,Phone,Tech,4644,17,3,3,4.9,438,3,0,West,Card,1,3854.52,2024-03-18
444,121,Laptop,Fashion,1650,33,4,3,4.4,49,8,0,North,Card,0,1105.5,2024-03-19
445,157,Phone,Fashion,4818,21,1,7,3.0,397,40,1,West,COD,1,3806.2200000000003,2024-03-20
446,157,Watch,Fashion,1931,10,1,5,3.4,117,21,0,West,COD,1,1737.9,2024-03-21
447,185,Shoes,Tech,2319,12,4,6,1.9,201,17,0,East,COD,0,2040.72,2024-03-22
448,148,Laptop,Tech,2824,3,2,8,3.2,482,11,0,West,UPI,0,2739.28,2024-03-23
449,151,Phone,Fashion,1630,21,3,9,3.8,392,41,0,East,Card,0,1287.7,2024-03-24
450,141,Headphones,Fashion,3158,6,2,1,3.1,482,42,1,South,COD,0,2968.52,2024-03-25
451,169,Laptop,Fashion,4000,42,3,3,5.0,394,38,0,East,COD,0,2320.0,2024-03-26
452,114,Laptop,Fashion,874,23,3,7,3.4,190,8,0,East,COD,1,672.98,2024-03-27
453,153,Phone,Fashion,2620,3,2,6,2.5,363,5,1,South,UPI,0,2541.4,2024-03-28
454,159,Laptop,Fashion,4520,27,4,7,4.1,459,18,1,South,COD,0,3299.6,2024-03-29
455,196,Headphones,Tech,2521,14,4,8,1.7,322,47,0,North,COD,0,2168.06,2024-03-30
456,107,Laptop,Fashion,4205,0,3,6,2.5,180,46,0,North,UPI,0,4205.0,2024-03-31
457,152,Headphones,Tech,3759,2,4,3,2.4,422,6,1,North,UPI,0,3683.82,2024-04-01
458,159,Phone,Fashion,3935,13,3,2,2.7,77,15,0,North,COD,0,3423.45,2024-04-02
459,104,Shoes,Fashion,2389,37,4,7,4.1,439,4,1,East,COD,0,1505.0700000000002,2024-04-03
460,167,Laptop,Tech,2323,49,3,1,2.9,411,15,0,East,UPI,0,1184.73,2024-04-04
461,105,Shoes,Tech,1974,0,4,3,4.2,74,0,1,North,Card,1,1974.0,2024-04-05
462,195,Headphones,Tech,2742,37,1,4,3.3,294,36,1,West,UPI,1,1727.46,2024-04-06
463,193,Laptop,Tech,3743,37,2,1,2.4,280,38,1,North,Card,1,2358.09,2024-04-07
464,146,Watch,Fashion,3634,20,1,5,4.2,20,18,0,West,COD,0,2907.2,2024-04-08
465,198,Shoes,Tech,2570,47,2,3,2.0,393,36,0,South,COD,0,1362.1,2024-04-09
466,154,Laptop,Fashion,859,28,2,2,1.9,170,16,0,East,Card,0,618.48,2024-04-10
467,139,Shoes,Tech,2541,4,3,3,3.0,14,25,0,East,UPI,1,2439.36,2024-04-11
468,151,Laptop,Fashion,1641,48,2,8,2.0,210,21,1,West,COD,0,853.32,2024-04-12
469,115,Phone,Fashion,2135,9,1,6,1.0,47,7,1,North,Card,0,1942.85,2024-04-13
470,112,Shoes,Fashion,4500,27,1,7,3.6,85,32,1,East,UPI,0,3285.0,2024-04-14
471,129,Watch,Fashion,2443,20,4,6,3.0,148,1,0,West,Card,1,1954.4,2024-04-15
472,118,Watch,Fashion,3861,49,1,6,2.8,187,29,0,South,UPI,1,1969.11,2024-04-16
473,116,Headphones,Fashion,3480,6,4,3,4.9,371,46,0,South,UPI,0,3271.2,2024-04-17
474,162,Laptop,Tech,506,2,2,8,3.3,491,19,1,East,UPI,1,495.88,2024-04-18
475,118,Shoes,Fashion,3767,44,1,7,4.5,479,17,0,North,UPI,0,2109.52,2024-04-19
476,191,Headphones,Tech,2091,46,2,7,1.6,305,42,0,West,Card,0,1129.1399999999999,2024-04-20
477,157,Shoes,Tech,3764,19,1,6,3.3,150,9,1,East,Card,1,3048.84,2024-04-21
478,154,Laptop,Fashion,3106,18,1,5,4.5,140,23,1,South,Card,1,2546.92,2024-04-22
479,189,Watch,Tech,3719,34,4,8,3.3,68,3,0,North,Card,1,2454.54,2024-04-23
480,189,Phone,Fashion,3773,3,2,5,3.9,259,36,1,West,Card,1,3659.81,2024-04-24
481,161,Watch,Tech,1413,4,1,9,2.5,475,3,0,East,UPI,0,1356.48,2024-04-25
482,122,Headphones,Fashion,2511,0,3,9,1.4,333,12,1,West,COD,0,2511.0,2024-04-26
483,108,Phone,Tech,1942,3,2,1,2.8,455,24,1,North,COD,1,1883.74,2024-04-27
484,111,Headphones,Fashion,3554,11,2,6,2.6,8,12,1,North,Card,1,3163.06,2024-04-28
485,100,Laptop,Fashion,4046,26,2,7,4.5,120,17,0,South,Card,0,2994.04,2024-04-29
486,157,Phone,Fashion,4721,41,4,3,2.0,370,23,0,North,COD,0,2785.3900000000003,2024-04-30
487,100,Headphones,Fashion,3428,22,3,7,4.9,418,1,0,East,UPI,0,2673.84,2024-05-01
488,133,Laptop,Tech,2329,24,2,7,4.8,100,47,1,West,Card,0,1770.04,2024-05-02
489,195,Watch,Fashion,1075,20,1,2,2.0,148,32,1,North,UPI,1,860.0,2024-05-03
490,147,Laptop,Tech,1429,23,1,7,2.4,441,18,1,North,COD,1,1100.33,2024-05-04
491,188,Shoes,Tech,4259,24,4,1,4.6,145,8,1,East,COD,1,3236.84,2024-05-05
492,100,Laptop,Tech,4199,44,1,5,4.9,352,27,0,West,Card,0,2351.44,2024-05-06
493,115,Laptop,Fashion,1963,45,2,9,2.8,455,34,0,West,UPI,0,1079.65,2024-05-07
494,160,Shoes,Tech,3775,31,1,7,2.3,242,38,0,South,Card,1,2604.75,2024-05-08
495,163,Headphones,Tech,1554,31,2,7,3.1,240,9,1,South,COD,1,1072.26,2024-05-09
496,162,Headphones,Tech,2400,4,1,2,3.8,336,0,1,West,UPI,1,2304.0,2024-05-10
497,168,Laptop,Fashion,1957,35,3,8,2.1,42,41,0,East,Card,0,1272.05,2024-05-11
498,121,Shoes,Fashion,1899,45,4,3,3.9,94,20,1,East,Card,1,1044.45,2024-05-12
499,192,Shoes,Tech,3915,41,4,8,1.2,225,8,0,South,Card,0,2309.85,2024-05-13
500,166,Watch,Fashion,942,48,3,3,1.2,5,46,1,North,COD,1,489.84,2024-05-14
501,175,Headphones,Fashion,4150,41,3,7,2.5,213,14,1,East,Card,1,2448.5,2024-05-15
502,125,Phone,Tech,1678,38,4,2,2.4,205,34,0,North,UPI,1,1040.3600000000001,2024-05-16
503,115,Headphones,Tech,4958,15,3,4,2.3,66,4,0,East,Card,0,4214.3,2024-05-17
504,150,Headphones,Fashion,1757,32,2,6,3.0,395,40,1,West,COD,0,1194.76,2024-05-18
505,185,Watch,Tech,4134,48,1,9,2.3,99,21,0,South,Card,0,2149.6800000000003,2024-05-19
506,156,Phone,Fashion,2341,20,4,5,1.8,11,40,0,North,COD,0,1872.8,2024-05-20
507,128,Watch,Fashion,2809,8,3,9,2.2,236,22,1,North,COD,0,2584.28,2024-05-21
508,177,Phone,Fashion,1410,5,2,5,4.9,321,6,1,West,UPI,0,1339.5,2024-05-22
509,191,Laptop,Fashion,4840,44,4,8,2.6,257,22,1,East,UPI,1,2710.4,2024-05-23
510,168,Phone,Fashion,4509,34,3,1,2.8,398,43,0,North,Card,0,2975.94,2024-05-24
511,146,Watch,Fashion,2669,38,4,7,3.3,406,24,1,East,COD,1,1654.78,2024-05-25
512,193,Headphones,Tech,2672,21,3,4,4.9,412,26,1,West,COD,0,2110.88,2024-05-26
513,161,Phone,Tech,623,40,4,5,2.0,336,40,1,South,UPI,1,373.8,2024-05-27
514,168,Phone,Fashion,3658,4,2,6,3.7,479,5,1,North,UPI,1,3511.68,2024-05-28
515,175,Shoes,Fashion,1285,41,2,5,3.9,134,33,1,East,Card,0,758.15,2024-05-29
516,115,Headphones,Fashion,2916,22,1,1,3.4,221,8,0,North,COD,1,2274.48,2024-05-30
517,189,Laptop,Tech,1296,16,4,9,1.4,155,48,1,East,UPI,0,1088.6399999999999,2024-05-31
518,189,Watch,Fashion,4672,11,1,2,3.7,141,32,1,East,Card,0,4158.08,2024-06-01
519,147,Laptop,Tech,4654,22,4,9,1.3,427,5,0,East,COD,0,3630.12,2024-06-02
520,184,Headphones,Fashion,2436,15,3,2,3.4,157,36,1,West,COD,0,2070.6,2024-06-03
521,138,Phone,Fashion,2656,2,3,9,4.0,464,30,1,South,UPI,1,2602.88,2024-06-04
522,199,Phone,Tech,4307,29,1,6,1.8,415,33,0,North,Card,0,3057.9700000000003,2024-06-05
523,132,Headphones,Tech,1801,21,4,9,4.4,493,40,1,South,UPI,1,1422.79,2024-06-06
524,193,Phone,Fashion,4663,8,1,6,1.1,325,28,0,East,Card,1,4289.96,2024-06-07
525,122,Phone,Fashion,3640,28,2,6,4.4,370,13,1,East,COD,1,2620.8,2024-06-08
526,109,Phone,Fashion,3736,46,1,2,2.8,343,35,0,South,Card,0,2017.44,2024-06-09
527,168,Watch,Tech,2852,36,1,8,1.9,261,35,0,South,Card,1,1825.28,2024-06-10
528,199,Watch,Tech,2432,22,3,3,1.5,282,14,1,North,Card,0,1896.96,2024-06-11
529,133,Shoes,Tech,3221,12,1,7,4.8,337,7,0,East,Card,1,2834.48,2024-06-12
530,151,Laptop,Tech,864,31,4,5,1.3,343,25,0,South,Card,0,596.1600000000001,2024-06-13
531,194,Headphones,Tech,2890,45,3,3,1.8,228,35,1,West,UPI,0,1589.5,2024-06-14
532,109,Headphones,Tech,1446,46,1,1,2.4,375,47,1,East,Card,0,780.84,2024-06-15
533,118,Headphones,Fashion,1877,47,2,8,3.5,279,20,0,East,Card,0,994.81,2024-06-16
534,157,Shoes,Fashion,1939,22,1,3,3.2,357,27,1,North,COD,1,1512.42,2024-06-17
535,195,Watch,Tech,3680,44,1,2,1.5,289,3,0,West,Card,1,2060.8,2024-06-18
536,100,Shoes,Fashion,840,16,1,1,2.2,167,15,0,North,COD,0,705.6,2024-06-19
537,168,Headphones,Fashion,3489,39,3,4,2.0,46,21,1,West,UPI,1,2128.29,2024-06-20
538,103,Laptop,Tech,882,20,4,8,1.9,462,11,1,North,UPI,0,705.6,2024-06-21
539,115,Phone,Fashion,2056,1,2,3,2.6,202,15,0,West,Card,0,2035.44,2024-06-22
540,123,Watch,Tech,799,36,1,1,3.8,213,39,1,West,UPI,1,511.36,2024-06-23
541,179,Watch,Tech,638,5,4,4,1.9,245,37,1,West,Card,0,606.1,2024-06-24
542,101,Shoes,Fashion,858,43,4,9,2.5,23,41,0,South,UPI,0,489.06,2024-06-25
543,191,Watch,Tech,2022,17,3,1,2.6,320,36,0,East,Card,0,1678.26,2024-06-26
544,131,Headphones,Tech,3956,29,2,2,4.9,273,28,0,West,Card,0,2808.76,2024-06-27
545,190,Headphones,Tech,2127,21,3,9,4.8,43,17,0,South,COD,0,1680.33,2024-06-28
546,183,Shoes,Tech,1803,32,4,2,4.2,331,9,0,South,COD,1,1226.04,2024-06-29
547,123,Headphones,Tech,1634,29,4,3,2.0,312,41,0,North,COD,1,1160.1399999999999,2024-06-30
548,111,Laptop,Tech,2686,16,4,7,1.3,362,38,1,East,COD,1,2256.24,2024-07-01
549,149,Shoes,Tech,3670,42,3,3,2.3,155,17,0,East,Card,0,2128.6,2024-07-02
550,134,Laptop,Tech,4335,31,2,9,2.1,487,0,1,North,UPI,0,2991.15,2024-07-03
551,132,Phone,Fashion,2651,41,1,6,3.0,379,38,1,East,Card,0,1564.09,2024-07-04
552,132,Laptop,Fashion,1737,13,3,3,4.1,198,20,0,North,COD,0,1511.19,2024-07-05
553,160,Phone,Fashion,4235,9,4,9,4.4,406,0,1,South,COD,0,3853.85,2024-07-06
554,150,Phone,Tech,3334,46,3,1,4.4,468,14,0,South,UPI,0,1800.36,2024-07-07
555,142,Laptop,Tech,4760,35,4,3,2.4,161,3,1,West,COD,1,3094.0,2024-07-08
556,111,Shoes,Fashion,1498,33,1,1,3.7,394,19,0,North,Card,0,1003.6600000000001,2024-07-09
557,166,Headphones,Fashion,3067,8,1,2,2.3,469,9,0,South,Card,1,2821.64,2024-07-10
558,164,Headphones,Fashion,1807,41,2,8,1.2,233,22,0,South,Card,0,1066.13,2024-07-11
559,132,Phone,Tech,1156,27,4,7,3.8,162,40,0,North,Card,1,843.88,2024-07-12
560,139,Phone,Fashion,3160,10,2,2,1.0,115,33,1,South,Card,0,2844.0,2024-07-13
561,173,Shoes,Fashion,2711,13,2,2,2.6,92,45,1,East,UPI,1,2358.57,2024-07-14
562,142,Watch,Tech,2409,38,1,9,2.3,41,47,1,South,Card,1,1493.58,2024-07-15
563,143,Laptop,Fashion,4230,46,3,6,3.8,283,32,1,North,COD,0,2284.2,2024-07-16
564,128,Phone,Tech,2546,18,3,5,4.1,378,33,1,East,COD,0,2087.7200000000003,2024-07-17
565,112,Headphones,Tech,3662,14,2,6,2.2,209,38,0,East,COD,1,3149.32,2024-07-18
566,111,Shoes,Tech,1640,27,1,9,4.2,205,9,0,South,COD,0,1197.2,2024-07-19
567,194,Laptop,Fashion,766,23,4,7,2.2,465,19,0,West,UPI,0,589.8199999999999,2024-07-20
568,145,Shoes,Fashion,2345,7,3,9,2.8,219,0,0,East,COD,0,2180.85,2024-07-21
569,101,Laptop,Tech,2208,42,2,4,3.9,279,12,0,North,UPI,1,1280.6399999999999,2024-07-22
570,134,Laptop,Fashion,4130,8,3,2,3.8,135,0,1,West,COD,0,3799.6,2024-07-23
571,186,Phone,Fashion,3711,46,3,8,4.9,105,4,0,West,UPI,1,2003.94,2024-07-24
572,180,Shoes,Fashion,2793,32,4,4,1.9,117,15,0,East,UPI,1,1899.24,2024-07-25
573,189,Shoes,Fashion,4232,32,1,9,3.6,236,14,1,South,UPI,0,2877.76,2024-07-26
574,107,Headphones,Tech,4329,18,4,4,3.4,308,48,1,West,COD,1,3549.7799999999997,2024-07-27
575,192,Headphones,Fashion,2010,2,1,8,4.7,455,27,0,South,UPI,0,1969.8,2024-07-28
576,125,Phone,Tech,975,9,3,9,1.6,387,30,0,East,Card,0,887.25,2024-07-29
577,173,Phone,Tech,1476,39,2,9,4.0,474,22,1,North,Card,1,900.36,2024-07-30
578,189,Watch,Fashion,1707,46,4,4,3.3,99,47,0,West,COD,1,921.78,2024-07-31
579,133,Headphones,Tech,2460,41,1,1,2.1,260,44,0,North,Card,1,1451.4,2024-08-01
580,106,Laptop,Fashion,1057,0,3,3,2.9,480,42,0,South,Card,1,1057.0,2024-08-02
581,167,Shoes,Fashion,1382,28,1,9,2.3,304,16,1,South,Card,1,995.04,2024-08-03
582,157,Phone,Tech,2694,49,1,4,3.3,353,48,0,North,COD,0,1373.94,2024-08-04
583,174,Shoes,Tech,3167,33,1,5,4.6,285,33,0,East,COD,1,2121.8900000000003,2024-08-05
584,128,Shoes,Tech,2110,12,3,7,3.3,327,12,1,East,Card,0,1856.8,2024-08-06
585,135,Watch,Tech,3988,0,2,5,3.5,102,13,1,West,COD,0,3988.0,2024-08-07
586,188,Headphones,Fashion,2954,33,2,4,3.1,62,10,1,West,UPI,1,1979.1799999999998,2024-08-08
587,120,Phone,Fashion,4994,28,2,2,1.2,174,27,0,East,Card,1,3595.6800000000003,2024-08-09
588,135,Shoes,Fashion,2446,47,1,2,1.9,281,41,1,East,COD,1,1296.38,2024-08-10
589,109,Phone,Tech,3308,46,3,4,3.0,440,31,0,North,COD,1,1786.32,2024-08-11
590,172,Laptop,Tech,4325,12,1,9,2.2,292,34,1,South,Card,1,3806.0,2024-08-12
591,123,Watch,Tech,4036,47,2,8,1.7,225,30,0,South,COD,0,2139.08,2024-08-13
592,163,Laptop,Fashion,4302,48,2,3,3.0,6,16,1,West,Card,0,2237.04,2024-08-14
593,198,Phone,Tech,4677,28,3,9,2.3,126,46,0,East,COD,0,3367.44,2024-08-15
594,148,Phone,Fashion,2470,38,1,5,2.0,423,8,0,North,UPI,1,1531.4,2024-08-16
595,198,Headphones,Tech,4322,23,4,3,2.9,91,9,1,West,Card,1,3327.94,2024-08-17
596,135,Shoes,Fashion,3319,25,4,5,1.5,422,7,1,North,UPI,0,2489.25,2024-08-18
597,181,Shoes,Fashion,1402,16,2,4,4.7,189,20,0,East,Card,1,1177.68,2024-08-19
598,195,Laptop,Tech,864,6,3,8,4.5,358,12,1,East,COD,1,812.16,2024-08-20
599,123,Watch,Tech,4758,12,1,5,3.8,475,49,0,East,UPI,1,4187.04,2024-08-21
600,122,Shoes,Fashion,3619,4,1,8,1.4,461,4,1,South,COD,0,3474.24,2024-08-22
601,161,Headphones,Fashion,3058,25,2,9,4.1,52,5,1,East,Card,1,2293.5,2024-08-23
602,195,Laptop,Tech,2363,48,2,4,4.2,241,29,0,West,Card,0,1228.76,2024-08-24
603,136,Laptop,Tech,615,2,1,7,4.1,485,30,1,South,Card,1,602.7,2024-08-25
604,111,Headphones,Fashion,2884,6,1,2,1.5,131,16,1,North,Card,1,2710.96,2024-08-26
605,154,Watch,Tech,4435,48,2,6,3.6,489,10,0,West,Card,0,2306.2,2024-08-27
606,112,Headphones,Fashion,2990,38,1,8,4.3,465,19,0,West,UPI,1,1853.8,2024-08-28
607,122,Watch,Fashion,1442,0,4,7,3.3,363,47,1,North,Card,1,1442.0,2024-08-29
608,188,Headphones,Tech,2224,48,2,7,3.6,111,8,0,South,COD,1,1156.48,2024-08-30
609,198,Headphones,Tech,2834,16,1,8,2.8,408,1,1,West,UPI,0,2380.56,2024-08-31
610,129,Phone,Tech,3267,42,2,7,3.1,6,36,1,West,COD,1,1894.86,2024-09-01
611,116,Laptop,Tech,1637,24,3,5,1.1,229,0,0,West,Card,1,1244.12,2024-09-02
612,161,Headphones,Tech,3027,2,2,7,3.6,155,3,0,South,COD,1,2966.46,2024-09-03
613,183,Headphones,Fashion,4617,14,2,3,1.3,196,35,0,South,UPI,1,3970.62,2024-09-04
614,188,Shoes,Fashion,3920,28,3,5,2.7,322,24,0,South,UPI,1,2822.4,2024-09-05
615,185,Laptop,Tech,4406,42,4,7,2.2,363,2,0,West,UPI,0,2555.48,2024-09-06
616,112,Shoes,Tech,4137,31,1,9,3.2,222,8,0,East,COD,0,2854.5299999999997,2024-09-07
617,158,Laptop,Tech,3453,25,3,2,1.5,366,21,1,North,UPI,1,2589.75,2024-09-08
618,118,Shoes,Fashion,2867,15,2,4,3.8,489,22,1,East,COD,1,2436.95,2024-09-09
619,148,Headphones,Tech,4721,24,1,7,4.2,249,11,0,South,Card,0,3587.96,2024-09-10
620,199,Headphones,Tech,776,27,3,1,1.7,403,9,1,West,Card,1,566.48,2024-09-11
621,111,Phone,Fashion,2499,8,1,2,1.4,82,33,1,West,COD,1,2299.08,2024-09-12
622,160,Shoes,Fashion,1727,0,1,9,1.6,239,42,1,East,UPI,1,1727.0,2024-09-13
623,118,Watch,Tech,4252,28,3,7,4.5,379,9,1,East,COD,1,3061.44,2024-09-14
624,175,Phone,Tech,4235,21,1,7,3.1,394,29,0,North,COD,1,3345.65,2024-09-15
625,108,Shoes,Tech,1195,15,4,6,2.9,359,21,1,West,COD,1,1015.75,2024-09-16
626,170,Shoes,Fashion,1809,40,3,3,1.4,322,5,1,East,Card,1,1085.4,2024-09-17
627,127,Phone,Tech,4652,43,4,3,3.6,470,49,0,North,COD,1,2651.6400000000003,2024-09-18
628,177,Headphones,Tech,3734,40,2,2,4.5,262,1,0,South,Card,0,2240.4,2024-09-19
629,194,Shoes,Tech,4614,6,1,6,4.3,406,29,0,East,COD,0,4337.16,2024-09-20
630,151,Headphones,Fashion,2811,13,2,4,3.5,188,1,0,South,Card,1,2445.57,2024-09-21
631,182,Phone,Fashion,3341,28,2,5,1.3,454,31,1,North,COD,1,2405.52,2024-09-22
632,115,Headphones,Tech,4708,18,1,3,1.4,365,41,0,South,COD,1,3860.56,2024-09-23
633,168,Laptop,Tech,4059,18,3,6,1.2,289,15,1,West,UPI,1,3328.38,2024-09-24
634,198,Watch,Fashion,3898,1,1,3,2.0,361,11,1,West,UPI,0,3859.02,2024-09-25
635,111,Shoes,Fashion,1041,40,2,8,1.5,402,0,0,South,COD,0,624.6,2024-09-26
636,124,Watch,Fashion,3194,44,2,9,2.0,57,7,0,West,COD,0,1788.64,2024-09-27
637,151,Headphones,Fashion,1588,14,3,4,2.5,8,47,0,North,COD,0,1365.68,2024-09-28
638,184,Shoes,Fashion,3863,2,1,9,4.8,303,49,0,West,COD,1,3785.74,2024-09-29
639,199,Headphones,Fashion,524,10,2,7,3.4,114,12,0,South,UPI,1,471.6,2024-09-30
640,152,Laptop,Fashion,2072,45,4,3,4.3,209,14,0,South,Card,1,1139.6,2024-10-01
641,122,Phone,Fashion,3458,29,2,7,3.8,40,43,1,South,COD,0,2455.18,2024-10-02
642,115,Shoes,Fashion,4736,39,2,1,1.5,303,7,1,East,UPI,1,2888.96,2024-10-03
643,156,Laptop,Tech,2267,17,3,3,3.9,172,9,1,South,COD,1,1881.6100000000001,2024-10-04
644,138,Laptop,Tech,2735,47,4,6,2.1,233,45,1,North,COD,0,1449.55,2024-10-05
645,152,Shoes,Tech,700,1,2,4,3.6,280,4,0,West,Card,0,693.0,2024-10-06
646,141,Headphones,Fashion,3698,31,2,7,2.4,371,49,0,West,COD,0,2551.62,2024-10-07
647,157,Laptop,Tech,756,7,4,3,5.0,77,18,1,East,COD,0,703.08,2024-10-08
648,138,Watch,Fashion,4247,21,1,1,2.1,107,46,1,East,Card,0,3355.13,2024-10-09
649,113,Laptop,Fashion,2741,5,1,9,2.1,280,37,1,North,Card,1,2603.95,2024-10-10
650,194,Headphones,Tech,3675,11,2,6,4.7,402,10,0,South,Card,1,3270.75,2024-10-11
651,104,Headphones,Fashion,4106,46,2,8,1.1,38,42,0,East,Card,0,2217.24,2024-10-12
652,134,Watch,Tech,3836,39,1,3,3.8,118,19,0,West,UPI,1,2339.96,2024-10-13
653,186,Laptop,Tech,913,35,3,8,3.9,334,19,1,East,UPI,1,593.45,2024-10-14
654,192,Headphones,Tech,2514,14,4,2,4.3,335,20,1,East,UPI,1,2162.04,2024-10-15
655,174,Shoes,Fashion,1881,27,4,4,4.9,26,17,0,South,COD,1,1373.13,2024-10-16
656,117,Phone,Tech,1598,48,3,3,4.9,103,49,0,East,Card,0,830.96,2024-10-17
657,175,Phone,Fashion,3926,44,3,1,1.3,73,9,1,North,Card,1,2198.56,2024-10-18
658,108,Phone,Tech,4155,17,3,7,4.3,190,33,1,West,UPI,1,3448.65,2024-10-19
659,173,Laptop,Tech,1409,1,3,2,3.6,323,25,0,South,COD,1,1394.91,2024-10-20
660,157,Watch,Tech,687,12,3,4,3.6,498,29,1,West,COD,0,604.56,2024-10-21
661,116,Headphones,Fashion,4544,44,3,9,1.5,146,8,0,North,COD,1,2544.6400000000003,2024-10-22
662,106,Shoes,Fashion,4256,14,4,6,3.6,254,45,0,North,UPI,0,3660.16,2024-10-23
663,145,Shoes,Fashion,2515,19,3,8,4.9,283,30,1,East,COD,0,2037.15,2024-10-24
664,112,Laptop,Tech,2592,28,1,2,4.6,212,41,1,East,COD,0,1866.24,2024-10-25
665,139,Phone,Tech,4144,41,3,7,2.8,122,3,1,East,COD,0,2444.96,2024-10-26
666,141,Laptop,Fashion,2630,28,3,6,1.2,494,5,0,West,Card,1,1893.6,2024-10-27
667,108,Watch,Fashion,857,2,4,9,2.4,205,13,1,North,UPI,0,839.86,2024-10-28
668,149,Watch,Fashion,2922,18,4,7,4.3,416,3,1,South,Card,0,2396.04,2024-10-29
669,126,Headphones,Fashion,4757,2,3,1,3.8,239,25,0,East,Card,0,4661.86,2024-10-30
670,165,Headphones,Fashion,1997,13,4,8,2.8,393,46,0,West,UPI,0,1737.3899999999999,2024-10-31
671,104,Watch,Fashion,2658,39,2,3,1.2,338,47,1,East,Card,0,1621.38,2024-11-01
672,128,Watch,Tech,3055,3,4,2,2.7,285,38,0,North,COD,1,2963.35,2024-11-02
673,136,Watch,Fashion,2842,10,4,3,2.9,21,16,0,South,COD,0,2557.8,2024-11-03
674,137,Laptop,Tech,3451,30,4,6,4.7,258,18,0,North,COD,1,2415.7,2024-11-04
675,182,Watch,Tech,1738,42,4,3,3.6,356,48,1,West,COD,1,1008.04,2024-11-05
676,107,Shoes,Fashion,1473,31,1,5,2.2,104,5,1,East,UPI,0,1016.37,2024-11-06
677,164,Phone,Fashion,4465,26,1,6,3.1,465,28,0,North,Card,1,3304.1,2024-11-07
678,185,Watch,Tech,1550,29,1,8,1.3,458,10,0,West,Card,1,1100.5,2024-11-08
679,116,Phone,Fashion,4201,42,3,7,4.9,431,15,0,East,COD,1,2436.58,2024-11-09
680,170,Laptop,Fashion,3280,1,3,8,2.4,257,29,1,South,COD,0,3247.2,2024-11-10
681,188,Phone,Tech,2088,48,2,3,2.9,203,24,0,North,Card,0,1085.76,2024-11-11
682,144,Laptop,Tech,4378,8,1,4,2.4,309,39,0,East,UPI,0,4027.76,2024-11-12
683,103,Shoes,Tech,2868,27,3,6,3.7,261,10,1,East,Card,0,2093.64,2024-11-13
684,135,Laptop,Fashion,936,30,4,7,3.6,106,6,0,East,COD,0,655.2,2024-11-14
685,169,Laptop,Tech,3328,33,4,9,3.9,250,25,1,East,COD,0,2229.76,2024-11-15
686,130,Headphones,Fashion,2056,14,1,1,2.1,423,21,1,North,UPI,0,1768.16,2024-11-16
687,118,Watch,Tech,4358,47,2,8,2.3,491,24,1,East,Card,1,2309.74,2024-11-17
688,160,Watch,Tech,1804,24,2,8,1.5,220,18,0,West,UPI,1,1371.04,2024-11-18
689,153,Shoes,Tech,2884,35,4,6,3.6,378,30,0,North,UPI,0,1874.6,2024-11-19
690,138,Shoes,Fashion,682,7,2,4,1.2,221,25,1,East,COD,1,634.26,2024-11-20
691,190,Watch,Fashion,2089,8,1,3,3.4,257,41,0,North,Card,0,1921.88,2024-11-21
692,173,Headphones,Tech,2087,36,4,3,4.5,200,40,1,West,COD,0,1335.6799999999998,2024-11-22
693,189,Watch,Tech,1159,47,3,6,4.6,366,35,0,West,Card,0,614.27,2024-11-23
694,118,Headphones,Tech,659,44,3,8,2.8,257,22,1,North,COD,1,369.04,2024-11-24
695,138,Shoes,Fashion,4453,38,2,7,2.8,348,46,1,East,COD,0,2760.8599999999997,2024-11-25
696,166,Phone,Tech,1511,31,4,1,1.3,224,12,0,East,Card,0,1042.59,2024-11-26
697,144,Shoes,Fashion,552,16,4,6,3.7,201,24,0,West,Card,0,463.68,2024-11-27
698,112,Shoes,Tech,2807,34,3,7,4.3,225,1,0,East,COD,0,1852.62,2024-11-28
699,191,Laptop,Tech,1728,36,4,7,2.0,235,1,0,West,Card,1,1105.92,2024-11-29
700,157,Laptop,Tech,1535,18,4,9,2.7,182,15,1,East,COD,0,1258.7,2024-11-30
701,119,Laptop,Tech,4202,43,4,5,4.4,199,8,1,West,Card,1,2395.1400000000003,2024-12-01
702,191,Laptop,Tech,4545,28,2,1,4.5,356,27,0,South,COD,1,3272.4,2024-12-02
703,171,Headphones,Tech,4949,6,4,2,2.0,245,12,0,East,COD,0,4652.06,2024-12-03
704,160,Watch,Fashion,1764,27,1,4,3.2,443,34,1,East,COD,0,1287.72,2024-12-04
705,138,Phone,Tech,2384,8,2,5,1.8,352,40,0,East,UPI,1,2193.28,2024-12-05
706,100,Shoes,Fashion,2309,27,4,9,1.4,110,12,0,North,Card,1,1685.5700000000002,2024-12-06
707,102,Headphones,Tech,3667,5,4,1,4.6,5,30,0,East,COD,1,3483.65,2024-12-07
708,176,Phone,Tech,4297,28,1,3,4.3,235,20,0,North,UPI,1,3093.84,2024-12-08
709,191,Headphones,Fashion,2841,16,2,5,4.0,126,31,1,North,COD,0,2386.44,2024-12-09
710,161,Headphones,Tech,3914,15,3,3,1.2,103,33,1,West,UPI,1,3326.9,2024-12-10
711,162,Shoes,Fashion,1317,22,3,4,4.4,236,7,0,North,COD,1,1027.26,2024-12-11
712,124,Watch,Fashion,2937,30,2,3,2.8,402,40,1,North,COD,1,2055.9,2024-12-12
713,155,Laptop,Tech,1388,2,4,4,2.4,479,47,0,South,UPI,1,1360.24,2024-12-13
714,132,Watch,Fashion,1167,20,4,1,3.2,154,1,0,East,UPI,0,933.6,2024-12-14
715,137,Shoes,Fashion,3124,25,3,8,1.4,256,37,0,North,Card,0,2343.0,2024-12-15
716,105,Shoes,Tech,4732,35,3,4,4.0,234,31,1,East,Card,0,3075.8,2024-12-16
717,157,Shoes,Fashion,1318,41,3,7,3.3,499,39,1,North,UPI,1,777.62,2024-12-17
718,143,Phone,Tech,2688,36,1,2,1.7,288,27,1,West,Card,1,1720.3200000000002,2024-12-18
719,144,Watch,Tech,1606,21,3,2,1.8,39,36,1,South,UPI,0,1268.74,2024-12-19
720,131,Watch,Tech,2724,41,1,6,1.7,287,40,1,North,Card,0,1607.16,2024-12-20
721,144,Headphones,Tech,697,11,2,2,1.2,196,0,0,East,COD,1,620.33,2024-12-21
722,160,Headphones,Fashion,3171,41,4,6,3.4,272,40,0,West,Card,0,1870.89,2024-12-22
723,146,Headphones,Tech,3992,12,3,2,4.4,381,9,1,East,COD,1,3512.96,2024-12-23
724,120,Shoes,Tech,2948,10,4,4,1.1,263,3,1,West,COD,1,2653.2,2024-12-24
725,179,Watch,Fashion,970,15,4,7,1.2,56,34,1,South,Card,1,824.5,2024-12-25
726,184,Shoes,Tech,2448,7,3,8,3.3,297,9,0,West,UPI,1,2276.64,2024-12-26
727,174,Phone,Tech,4399,39,3,3,4.3,97,46,1,East,COD,1,2683.3900000000003,2024-12-27
728,135,Headphones,Fashion,2510,39,2,9,2.3,136,10,0,East,COD,1,1531.1,2024-12-28
729,198,Shoes,Fashion,4300,44,1,2,2.4,375,13,0,North,Card,0,2408.0,2024-12-29
730,118,Shoes,Fashion,4618,1,1,8,3.4,86,37,1,West,UPI,0,4571.82,2024-12-30
731,119,Phone,Fashion,4296,29,4,8,2.1,418,11,0,East,UPI,0,3050.16,2024-12-31
732,156,Laptop,Fashion,4488,29,3,4,1.1,241,44,0,North,Card,1,3186.48,2025-01-01
733,117,Watch,Fashion,734,11,2,1,3.9,198,16,1,South,UPI,0,653.26,2025-01-02
734,146,Laptop,Fashion,1428,9,2,1,3.5,462,15,0,East,Card,1,1299.48,2025-01-03
735,148,Headphones,Tech,4107,43,2,2,3.3,436,34,1,North,Card,1,2340.99,2025-01-04
736,113,Shoes,Fashion,1022,10,2,9,4.0,309,1,0,East,Card,1,919.8,2025-01-05
737,114,Phone,Fashion,4023,14,2,2,3.7,83,10,1,West,COD,1,3459.7799999999997,2025-01-06
738,130,Phone,Fashion,2129,15,1,2,1.8,241,40,1,North,COD,0,1809.65,2025-01-07
739,100,Watch,Tech,1816,16,1,6,2.4,280,2,0,West,COD,0,1525.44,2025-01-08
740,153,Laptop,Tech,3357,25,1,7,1.5,322,28,1,South,Card,0,2517.75,2025-01-09
741,102,Watch,Fashion,1624,1,3,7,1.5,251,17,0,West,COD,1,1607.76,2025-01-10
742,115,Shoes,Fashion,3087,49,4,9,3.7,189,19,0,North,COD,0,1574.37,2025-01-11
743,186,Watch,Fashion,1523,11,2,6,4.4,438,46,1,East,COD,0,1355.47,2025-01-12
744,156,Phone,Tech,1878,25,3,8,4.9,429,13,0,North,Card,0,1408.5,2025-01-13
745,174,Phone,Tech,3874,22,2,6,3.5,151,33,1,West,Card,1,3021.7200000000003,2025-01-14
746,111,Headphones,Fashion,2019,17,1,2,1.7,481,48,0,West,Card,0,1675.77,2025-01-15
747,173,Headphones,Tech,726,31,3,1,1.4,301,30,0,East,COD,1,500.94,2025-01-16
748,195,Shoes,Fashion,1391,48,1,5,4.3,277,39,1,South,UPI,0,723.32,2025-01-17
749,115,Laptop,Tech,4572,37,2,9,3.3,138,41,0,North,COD,1,2880.3599999999997,2025-01-18
750,171,Watch,Tech,2757,46,2,8,3.5,175,17,0,East,COD,0,1488.78,2025-01-19
751,175,Shoes,Fashion,3288,2,4,4,4.1,7,29,0,East,Card,0,3222.24,2025-01-20
752,123,Headphones,Fashion,896,37,2,5,3.8,294,24,0,East,Card,0,564.48,2025-01-21
753,127,Watch,Fashion,2578,2,1,5,4.3,234,18,0,North,COD,1,2526.44,2025-01-22
754,107,Headphones,Fashion,4924,29,2,6,1.2,162,7,0,North,COD,0,3496.04,2025-01-23
755,191,Watch,Tech,3737,0,4,3,4.0,48,27,0,North,UPI,0,3737.0,2025-01-24
756,135,Laptop,Tech,4393,29,4,5,4.4,301,7,0,South,UPI,1,3119.0299999999997,2025-01-25
757,189,Shoes,Tech,2505,44,1,2,2.1,37,30,1,East,Card,1,1402.8,2025-01-26
758,107,Watch,Fashion,2516,31,3,1,3.6,135,2,0,West,UPI,1,1736.04,2025-01-27
759,157,Phone,Tech,3671,27,2,1,2.3,309,2,0,West,UPI,1,2679.83,2025-01-28
760,159,Phone,Fashion,3168,20,4,7,4.8,420,43,1,East,Card,0,2534.4,2025-01-29
761,149,Watch,Tech,2378,45,2,2,1.1,218,21,1,West,UPI,0,1307.9,2025-01-30
762,127,Watch,Fashion,1696,12,2,4,3.3,347,16,1,South,COD,1,1492.48,2025-01-31
763,191,Watch,Fashion,2272,26,3,5,1.7,295,35,0,South,UPI,0,1681.28,2025-02-01
764,140,Phone,Tech,661,35,4,7,3.8,33,16,1,North,Card,1,429.65,2025-02-02
765,199,Phone,Fashion,4476,6,2,2,1.7,351,13,1,North,COD,0,4207.44,2025-02-03
766,163,Watch,Fashion,2251,21,4,6,1.9,78,8,0,North,UPI,1,1778.29,2025-02-04
767,126,Headphones,Tech,1275,9,1,1,3.0,235,29,0,North,COD,0,1160.25,2025-02-05
768,162,Headphones,Fashion,1439,38,1,7,4.7,382,20,1,North,COD,1,892.18,2025-02-06
769,116,Laptop,Fashion,3720,14,2,9,1.8,272,11,1,West,UPI,1,3199.2,2025-02-07
770,172,Shoes,Fashion,1039,14,4,5,1.6,160,36,0,West,UPI,0,893.54,2025-02-08
771,132,Headphones,Tech,1961,3,2,5,4.0,174,31,0,North,Card,0,1902.17,2025-02-09
772,183,Phone,Tech,855,31,4,4,3.0,365,10,0,South,Card,0,589.95,2025-02-10
773,176,Headphones,Fashion,4104,22,4,3,4.6,307,19,0,West,COD,1,3201.12,2025-02-11
774,191,Laptop,Tech,3823,5,3,9,1.6,373,34,0,South,Card,0,3631.85,2025-02-12
775,128,Laptop,Fashion,734,23,3,5,3.6,463,46,1,South,COD,1,565.1800000000001,2025-02-13
776,112,Shoes,Fashion,2048,19,3,8,1.9,220,45,0,East,COD,0,1658.88,2025-02-14
777,145,Headphones,Fashion,2596,36,2,9,1.6,8,10,0,East,Card,0,1661.44,2025-02-15
778,134,Phone,Fashion,4713,19,3,5,3.7,288,7,0,North,Card,1,3817.5299999999997,2025-02-16
779,105,Phone,Fashion,2601,11,3,9,3.4,443,3,0,South,Card,1,2314.89,2025-02-17
780,181,Watch,Tech,2173,32,1,2,4.0,112,26,0,West,UPI,0,1477.6399999999999,2025-02-18
781,168,Phone,Fashion,2600,27,4,9,2.2,476,43,1,East,COD,1,1898.0,2025-02-19
782,146,Shoes,Tech,4157,7,4,4,2.8,204,39,0,East,COD,1,3866.01,2025-02-20
783,124,Shoes,Tech,4096,0,3,6,2.6,404,37,1,South,COD,0,4096.0,2025-02-21
784,165,Phone,Fashion,4248,36,4,6,4.9,185,46,0,East,Card,1,2718.7200000000003,2025-02-22
785,109,Phone,Fashion,3673,21,1,6,2.2,340,29,1,East,Card,0,2901.67,2025-02-23
786,155,Watch,Tech,2315,5,1,2,2.2,196,43,1,West,Card,0,2199.25,2025-02-24
787,129,Phone,Tech,4341,20,3,7,2.4,265,47,0,South,Card,1,3472.8,2025-02-25
788,104,Watch,Tech,2505,31,1,6,3.3,261,47,0,East,Card,0,1728.45,2025-02-26
789,132,Watch,Fashion,4993,34,4,1,2.0,247,26,0,South,UPI,1,3295.38,2025-02-27
790,164,Phone,Tech,1174,14,2,2,4.7,114,20,0,East,Card,0,1009.64,2025-02-28
791,117,Laptop,Fashion,886,4,4,7,2.1,120,19,0,West,COD,1,850.56,2025-03-01
792,195,Laptop,Fashion,2658,45,2,1,4.6,140,3,1,South,Card,1,1461.9,2025-03-02
793,148,Watch,Fashion,3161,49,3,1,1.4,64,10,0,East,COD,1,1612.11,2025-03-03
794,110,Phone,Tech,2564,47,2,1,3.6,275,12,0,West,Card,1,1358.92,2025-03-04
795,184,Laptop,Fashion,4351,5,1,8,4.6,312,8,1,East,Card,1,4133.45,2025-03-05
796,125,Phone,Fashion,3753,24,4,4,1.7,238,3,0,South,COD,0,2852.2799999999997,2025-03-06
797,162,Phone,Fashion,4766,45,2,4,4.9,301,11,1,East,COD,0,2621.3,2025-03-07
798,188,Phone,Fashion,1239,39,4,2,2.8,391,8,0,South,COD,1,755.79,2025-03-08
799,185,Headphones,Fashion,1901,28,3,1,4.8,9,12,1,South,COD,0,1368.72,2025-03-09
800,158,Phone,Tech,3759,6,3,9,3.7,456,47,0,East,UPI,1,3533.46,2025-03-10
801,126,Headphones,Fashion,2777,39,1,7,2.2,368,25,1,West,COD,1,1693.97,2025-03-11
802,148,Watch,Fashion,4404,12,3,4,1.8,232,37,1,North,Card,0,3875.52,2025-03-12
803,176,Laptop,Tech,4423,37,2,6,2.2,194,41,0,West,Card,0,2786.49,2025-03-13
804,132,Laptop,Fashion,4714,17,3,2,1.4,394,12,0,West,UPI,1,3912.62,2025-03-14
805,197,Laptop,Tech,3727,1,1,7,1.6,11,38,0,East,COD,1,3689.73,2025-03-15
806,198,Laptop,Fashion,3331,7,4,2,1.4,393,27,1,West,Card,1,3097.83,2025-03-16
807,100,Laptop,Tech,4258,10,4,8,2.7,408,18,1,West,UPI,1,3832.2,2025-03-17
808,120,Laptop,Tech,3012,32,3,8,4.2,176,23,1,North,Card,1,2048.16,2025-03-18
809,154,Laptop,Fashion,2651,37,2,1,1.6,176,18,0,West,UPI,1,1670.13,2025-03-19
810,105,Watch,Fashion,4175,47,1,8,1.5,216,48,0,North,UPI,0,2212.75,2025-03-20
811,191,Phone,Fashion,3245,26,2,2,3.6,10,12,1,East,COD,1,2401.3,2025-03-21
812,180,Shoes,Tech,4366,19,1,6,1.8,445,12,0,North,UPI,1,3536.46,2025-03-22
813,168,Headphones,Tech,4264,11,3,1,1.4,117,27,1,South,Card,0,3794.96,2025-03-23
814,194,Shoes,Tech,2722,42,1,5,1.7,163,1,0,South,Card,1,1578.76,2025-03-24
815,104,Shoes,Fashion,3292,30,1,7,4.7,38,9,0,North,COD,1,2304.4,2025-03-25
816,102,Phone,Tech,2197,26,3,1,4.3,52,21,1,South,COD,0,1625.78,2025-03-26
817,152,Phone,Tech,3962,31,2,2,2.4,217,12,0,East,UPI,1,2733.7799999999997,2025-03-27
818,122,Phone,Fashion,4563,9,3,7,3.6,205,8,0,South,COD,0,4152.33,2025-03-28
819,152,Laptop,Tech,2024,2,1,6,3.1,486,32,0,North,Card,1,1983.52,2025-03-29
820,136,Watch,Tech,532,44,3,3,3.7,311,13,0,East,Card,0,297.91999999999996,2025-03-30
821,173,Laptop,Fashion,4525,26,1,2,3.7,359,47,0,South,COD,0,3348.5,2025-03-31
822,173,Watch,Tech,3066,34,3,4,3.5,384,19,1,East,COD,0,2023.56,2025-04-01
823,182,Watch,Fashion,3303,30,4,3,2.1,55,14,0,North,COD,1,2312.1,2025-04-02
824,116,Shoes,Fashion,4396,14,4,7,1.2,117,31,1,South,UPI,1,3780.56,2025-04-03
825,184,Shoes,Fashion,4209,15,3,8,2.8,387,32,0,East,UPI,0,3577.65,2025-04-04
826,177,Watch,Fashion,1219,12,2,2,4.6,252,16,0,East,Card,0,1072.72,2025-04-05
827,172,Watch,Fashion,1472,48,1,7,3.3,285,23,1,South,UPI,1,765.44,2025-04-06
828,100,Laptop,Tech,4218,34,4,8,4.3,267,29,1,East,UPI,1,2783.88,2025-04-07
829,150,Laptop,Tech,4902,10,2,6,5.0,290,12,0,East,UPI,1,4411.8,2025-04-08
830,144,Shoes,Fashion,2707,20,1,6,1.7,332,46,0,North,UPI,1,2165.6,2025-04-09
831,176,Phone,Fashion,4926,10,4,1,3.8,179,47,1,North,Card,1,4433.4,2025-04-10
832,103,Watch,Tech,4820,29,4,4,3.7,414,15,1,North,COD,0,3422.2,2025-04-11
833,161,Laptop,Fashion,3530,47,3,1,4.9,357,1,1,North,Card,1,1870.9,2025-04-12
834,164,Shoes,Fashion,4075,34,1,4,4.9,234,16,1,North,UPI,0,2689.5,2025-04-13
835,131,Laptop,Fashion,3616,21,2,2,3.7,342,31,0,North,COD,1,2856.64,2025-04-14
836,133,Watch,Tech,3785,37,2,5,2.0,195,42,0,South,COD,0,2384.55,2025-04-15
837,191,Watch,Tech,1143,30,2,9,4.2,307,7,0,North,COD,0,800.1,2025-04-16
838,194,Headphones,Fashion,694,13,1,3,1.4,79,2,0,East,Card,1,603.78,2025-04-17
839,171,Phone,Fashion,4496,23,2,8,4.1,134,11,0,South,COD,0,3461.92,2025-04-18
840,138,Headphones,Tech,988,49,2,3,4.6,21,19,1,East,Card,0,503.88,2025-04-19
841,125,Shoes,Tech,2704,48,2,6,2.5,476,15,1,North,Card,0,1406.08,2025-04-20
842,133,Laptop,Fashion,3157,31,3,4,3.5,330,13,1,North,UPI,0,2178.33,2025-04-21
843,153,Shoes,Fashion,3776,35,3,8,2.7,439,15,0,East,UPI,1,2454.4,2025-04-22
844,102,Watch,Tech,1602,31,1,6,2.8,224,48,1,East,COD,0,1105.38,2025-04-23
845,149,Headphones,Tech,1741,14,1,8,2.2,57,42,0,East,COD,1,1497.26,2025-04-24
846,111,Headphones,Tech,1015,42,2,1,4.0,92,48,0,West,UPI,0,588.7,2025-04-25
847,164,Headphones,Fashion,892,34,3,6,4.7,191,32,0,West,Card,1,588.72,2025-04-26
848,153,Shoes,Tech,1130,2,4,1,4.8,102,29,1,West,Card,1,1107.4,2025-04-27
849,104,Watch,Fashion,4216,15,4,1,1.7,395,11,0,West,UPI,1,3583.6,2025-04-28
850,193,Laptop,Tech,2347,4,2,8,4.5,6,14,0,South,Card,0,2253.12,2025-04-29
851,193,Laptop,Tech,3155,20,2,7,3.9,127,17,1,North,UPI,1,2524.0,2025-04-30
852,156,Shoes,Tech,1479,9,3,3,2.0,54,27,0,East,UPI,1,1345.8899999999999,2025-05-01
853,116,Headphones,Tech,3902,18,3,6,1.3,230,22,1,North,COD,0,3199.64,2025-05-02
854,146,Phone,Fashion,4371,24,3,9,2.1,361,13,0,East,COD,1,3321.96,2025-05-03
855,122,Shoes,Fashion,777,3,1,7,4.6,61,29,1,North,UPI,0,753.69,2025-05-04
856,178,Shoes,Tech,732,28,1,3,3.5,239,32,0,South,COD,0,527.04,2025-05-05
857,184,Watch,Fashion,2052,18,2,6,3.9,89,44,0,West,UPI,1,1682.6399999999999,2025-05-06
858,113,Laptop,Tech,3770,42,1,4,2.0,231,14,1,North,Card,0,2186.6,2025-05-07
859,165,Shoes,Tech,2909,1,3,3,3.9,456,6,0,East,Card,0,2879.91,2025-05-08
860,174,Shoes,Tech,4012,9,3,9,1.1,232,14,1,North,Card,0,3650.92,2025-05-09
861,150,Headphones,Tech,525,42,1,2,2.5,353,41,0,South,Card,1,304.5,2025-05-10
862,137,Headphones,Fashion,960,24,4,1,3.5,492,45,1,South,UPI,0,729.6,2025-05-11
863,163,Phone,Tech,4264,19,2,2,1.6,332,37,0,North,Card,0,3453.84,2025-05-12
864,197,Watch,Tech,3931,47,4,7,4.3,438,45,0,West,Card,0,2083.4300000000003,2025-05-13
865,137,Phone,Fashion,3983,18,2,1,1.9,374,43,0,East,Card,1,3266.06,2025-05-14
866,149,Headphones,Tech,2494,22,4,6,3.6,291,10,1,South,Card,0,1945.3200000000002,2025-05-15
867,197,Laptop,Tech,990,23,1,7,2.6,344,28,1,South,UPI,1,762.3,2025-05-16
868,181,Headphones,Tech,1572,10,2,9,3.4,151,30,1,North,Card,0,1414.8,2025-05-17
869,129,Watch,Fashion,3673,45,2,8,1.4,427,24,1,South,COD,1,2020.15,2025-05-18
870,178,Headphones,Tech,715,33,2,6,1.1,144,23,1,South,COD,1,479.05,2025-05-19
871,190,Watch,Fashion,2223,27,3,3,4.6,129,18,0,East,COD,1,1622.79,2025-05-20
872,150,Watch,Tech,2092,4,3,8,2.1,140,1,0,West,COD,0,2008.32,2025-05-21
873,162,Watch,Tech,3106,4,4,7,4.3,414,21,0,East,COD,0,2981.76,2025-05-22
874,197,Watch,Fashion,658,20,1,3,5.0,92,19,0,West,COD,0,526.4,2025-05-23
875,151,Watch,Tech,3813,11,3,9,1.8,113,32,0,East,UPI,1,3393.57,2025-05-24
876,137,Laptop,Tech,3341,49,2,2,2.1,283,7,1,North,COD,0,1703.91,2025-05-25
877,196,Phone,Fashion,2276,3,3,3,3.7,443,24,0,South,Card,0,2207.72,2025-05-26
878,187,Shoes,Fashion,2552,48,1,2,4.9,410,45,1,West,COD,1,1327.04,2025-05-27
879,178,Phone,Fashion,2795,41,3,1,4.7,142,8,0,North,UPI,0,1649.05,2025-05-28
880,129,Watch,Fashion,2196,19,2,4,3.0,222,33,1,South,COD,0,1778.76,2025-05-29
881,150,Laptop,Fashion,3493,37,4,5,4.2,231,22,1,South,Card,1,2200.59,2025-05-30
882,180,Headphones,Tech,2969,24,2,6,1.5,462,4,1,South,Card,1,2256.44,2025-05-31
883,104,Laptop,Fashion,2446,13,1,5,4.9,32,24,0,East,UPI,0,2128.02,2025-06-01
884,128,Watch,Tech,4309,10,4,1,4.9,275,7,0,North,UPI,1,3878.1,2025-06-02
885,103,Laptop,Tech,3283,31,3,3,1.7,169,15,0,North,UPI,0,2265.27,2025-06-03
886,109,Laptop,Tech,4144,10,3,1,2.2,139,47,0,South,UPI,0,3729.6,2025-06-04
887,155,Watch,Fashion,3000,17,3,5,1.4,356,44,1,West,COD,0,2490.0,2025-06-05
888,116,Laptop,Fashion,4145,26,4,5,2.1,200,14,1,North,COD,0,3067.3,2025-06-06
889,173,Shoes,Tech,3145,17,2,6,4.3,22,0,1,East,Card,0,2610.35,2025-06-07
890,116,Shoes,Fashion,2849,22,4,8,2.5,455,21,1,West,UPI,1,2222.2200000000003,2025-06-08
891,183,Laptop,Fashion,2432,10,4,1,1.4,223,2,0,West,UPI,1,2188.8,2025-06-09
892,187,Headphones,Fashion,3794,20,1,4,2.4,367,37,1,West,COD,0,3035.2,2025-06-10
893,168,Watch,Fashion,2257,43,4,1,4.9,269,13,0,West,UPI,1,1286.49,2025-06-11
894,133,Shoes,Tech,1616,4,3,9,3.5,346,35,1,North,Card,1,1551.36,2025-06-12
895,105,Headphones,Tech,3067,22,2,7,2.7,152,17,1,South,Card,0,2392.26,2025-06-13
896,152,Laptop,Fashion,3999,40,2,7,1.7,332,46,1,West,UPI,1,2399.4,2025-06-14
897,165,Headphones,Tech,992,24,2,5,4.9,84,40,0,East,Card,1,753.92,2025-06-15
898,176,Phone,Fashion,3806,40,3,7,4.3,108,17,0,East,Card,0,2283.6,2025-06-16
899,142,Shoes,Fashion,1119,9,3,2,2.1,30,2,1,South,COD,0,1018.29,2025-06-17
900,174,Laptop,Tech,3732,21,3,4,1.3,228,9,1,North,Card,0,2948.2799999999997,2025-06-18
901,122,Watch,Tech,4323,18,3,7,1.2,239,48,1,South,UPI,0,3544.86,2025-06-19
902,154,Laptop,Tech,2880,0,3,3,1.5,377,38,0,West,UPI,0,2880.0,2025-06-20
903,179,Watch,Fashion,2046,6,4,2,3.3,362,46,0,North,Card,0,1923.24,2025-06-21
904,194,Laptop,Tech,4063,3,3,2,4.7,309,0,0,North,UPI,0,3941.11,2025-06-22
905,174,Headphones,Fashion,2105,0,3,1,3.0,388,26,1,West,COD,1,2105.0,2025-06-23
906,115,Headphones,Tech,4252,14,3,5,4.4,140,26,0,East,Card,0,3656.7200000000003,2025-06-24
907,107,Headphones,Tech,2390,39,3,6,2.8,155,10,1,West,Card,1,1457.9,2025-06-25
908,103,Phone,Fashion,1775,11,2,6,3.8,298,48,0,South,Card,1,1579.75,2025-06-26
909,103,Watch,Fashion,3243,21,3,9,3.9,344,4,1,West,UPI,0,2561.9700000000003,2025-06-27
910,155,Headphones,Fashion,2993,21,4,4,1.7,370,6,1,East,UPI,1,2364.4700000000003,2025-06-28
911,124,Phone,Fashion,856,49,4,1,2.4,98,18,0,West,Card,1,436.56,2025-06-29
912,166,Watch,Fashion,1369,46,4,6,3.5,46,28,1,South,UPI,1,739.26,2025-06-30
913,195,Laptop,Fashion,1385,16,1,5,1.3,486,14,1,South,UPI,0,1163.4,2025-07-01
914,166,Phone,Fashion,2501,28,2,6,2.4,326,34,1,East,Card,1,1800.72,2025-07-02
915,126,Shoes,Fashion,1783,45,3,3,3.1,421,46,0,South,Card,1,980.65,2025-07-03
916,192,Phone,Tech,1119,13,1,2,5.0,479,36,1,South,UPI,0,973.53,2025-07-04
917,131,Phone,Fashion,1382,49,3,6,2.9,66,11,0,West,Card,1,704.82,2025-07-05
918,149,Watch,Fashion,1296,19,1,1,4.3,61,29,0,North,Card,1,1049.76,2025-07-06
919,160,Laptop,Tech,4142,49,1,7,2.7,108,19,1,South,Card,1,2112.42,2025-07-07
920,150,Shoes,Fashion,3925,47,4,7,4.2,166,36,0,South,Card,1,2080.25,2025-07-08
921,118,Headphones,Tech,1796,32,4,7,3.4,36,2,1,East,UPI,1,1221.28,2025-07-09
922,120,Headphones,Tech,744,42,1,1,4.5,118,8,0,East,Card,0,431.52,2025-07-10
923,104,Phone,Fashion,3395,14,4,4,2.6,497,40,1,West,COD,1,2919.7,2025-07-11
924,181,Watch,Tech,1429,11,1,7,3.4,85,38,0,West,Card,0,1271.81,2025-07-12
925,191,Watch,Fashion,1019,39,2,9,3.5,381,25,1,South,COD,1,621.5899999999999,2025-07-13
926,141,Headphones,Tech,3712,19,4,5,2.7,391,1,1,North,Card,0,3006.7200000000003,2025-07-14
927,160,Shoes,Tech,2909,29,4,2,1.6,464,22,1,North,COD,0,2065.39,2025-07-15
928,121,Laptop,Tech,507,37,4,7,1.4,51,22,1,West,COD,0,319.40999999999997,2025-07-16
929,120,Shoes,Fashion,3025,2,2,1,1.1,90,20,0,East,Card,1,2964.5,2025-07-17
930,169,Laptop,Fashion,3923,27,1,7,4.5,288,15,0,South,Card,1,2863.79,2025-07-18
931,100,Headphones,Tech,2519,25,3,6,1.9,493,8,1,South,Card,1,1889.25,2025-07-19
932,104,Laptop,Tech,4782,29,4,7,1.8,336,12,0,North,COD,1,3395.2200000000003,2025-07-20
933,111,Watch,Fashion,4167,12,1,3,3.9,297,27,1,West,UPI,1,3666.96,2025-07-21
934,189,Phone,Fashion,4171,12,2,3,2.3,203,26,1,North,UPI,0,3670.48,2025-07-22
935,145,Phone,Tech,3301,1,3,7,3.0,367,16,0,North,Card,0,3267.99,2025-07-23
936,133,Headphones,Tech,585,36,4,2,1.7,237,37,0,West,UPI,0,374.4,2025-07-24
937,148,Watch,Fashion,3615,48,2,1,4.8,381,35,1,East,UPI,1,1879.8,2025-07-25
938,177,Shoes,Fashion,4732,37,2,9,4.4,154,0,0,South,Card,1,2981.16,2025-07-26
939,189,Watch,Fashion,2968,1,3,9,4.5,239,17,1,East,COD,0,2938.32,2025-07-27
940,144,Phone,Fashion,4119,35,1,7,2.6,135,8,0,West,Card,1,2677.35,2025-07-28
941,126,Phone,Fashion,2136,25,4,7,4.0,406,12,0,West,UPI,1,1602.0,2025-07-29
942,172,Watch,Tech,4083,10,4,3,1.6,361,39,0,South,COD,0,3674.7,2025-07-30
943,125,Watch,Fashion,4509,7,1,2,1.0,380,44,0,East,UPI,0,4193.37,2025-07-31
944,146,Phone,Tech,3826,43,1,7,1.1,368,14,0,South,COD,1,2180.8199999999997,2025-08-01
945,185,Shoes,Fashion,2718,39,1,9,3.3,63,42,1,North,UPI,1,1657.98,2025-08-02
946,155,Headphones,Tech,2717,42,3,1,2.8,122,43,0,North,Card,0,1575.86,2025-08-03
947,193,Headphones,Fashion,2869,21,3,4,3.1,253,45,0,North,UPI,1,2266.51,2025-08-04
948,162,Watch,Fashion,4138,19,4,6,1.0,476,3,1,East,UPI,0,3351.7799999999997,2025-08-05
949,147,Headphones,Tech,3003,7,3,7,2.7,113,32,1,North,COD,0,2792.79,2025-08-06
950,160,Phone,Tech,1443,28,2,7,3.9,19,23,1,South,UPI,0,1038.96,2025-08-07
951,180,Phone,Fashion,3337,39,4,2,2.8,15,35,0,East,Card,1,2035.57,2025-08-08
952,125,Watch,Fashion,3160,25,3,4,3.9,144,40,0,South,Card,0,2370.0,2025-08-09
953,135,Watch,Fashion,3436,29,1,5,1.9,207,9,1,West,Card,0,2439.56,2025-08-10
954,100,Watch,Fashion,4944,16,2,1,4.3,18,35,1,East,COD,1,4152.96,2025-08-11
955,107,Shoes,Fashion,4447,19,1,1,3.4,375,19,1,South,COD,0,3602.07,2025-08-12
956,198,Headphones,Tech,2176,15,4,3,1.8,391,40,1,South,UPI,1,1849.6,2025-08-13
957,151,Watch,Tech,1696,45,1,3,1.9,165,44,0,East,UPI,1,932.8,2025-08-14
958,178,Laptop,Fashion,4605,42,3,8,3.5,37,43,0,West,UPI,1,2670.9,2025-08-15
959,146,Laptop,Tech,3287,6,3,9,4.3,180,10,0,East,COD,0,3089.78,2025-08-16
960,155,Phone,Tech,1961,15,4,1,2.7,348,11,0,North,COD,0,1666.85,2025-08-17
961,185,Headphones,Tech,3818,44,1,2,2.0,104,17,0,North,UPI,1,2138.08,2025-08-18
962,113,Watch,Fashion,1166,46,4,2,4.5,99,29,1,West,COD,1,629.64,2025-08-19
963,189,Laptop,Tech,2676,47,1,4,3.7,89,43,0,South,COD,1,1418.28,2025-08-20
964,127,Headphones,Fashion,4243,26,2,2,2.8,414,47,1,South,Card,0,3139.8199999999997,2025-08-21
965,186,Phone,Tech,1100,22,3,7,3.0,299,36,1,South,Card,1,858.0,2025-08-22
966,177,Shoes,Fashion,3152,23,4,9,1.8,443,19,1,East,UPI,1,2427.04,2025-08-23
967,187,Headphones,Tech,4922,8,2,7,3.5,331,24,0,East,UPI,1,4528.24,2025-08-24
968,101,Headphones,Fashion,4324,34,2,6,2.4,400,11,1,West,Card,0,2853.84,2025-08-25
969,125,Shoes,Fashion,4406,19,4,1,5.0,78,20,0,North,COD,1,3568.86,2025-08-26
970,113,Headphones,Tech,1479,36,4,9,2.9,72,24,1,South,UPI,0,946.56,2025-08-27
971,158,Phone,Fashion,2951,41,2,5,2.9,422,10,0,North,UPI,0,1741.09,2025-08-28
972,155,Phone,Fashion,1128,16,1,5,3.3,425,8,1,East,UPI,1,947.52,2025-08-29
973,106,Shoes,Fashion,2129,46,2,6,4.7,175,49,0,East,COD,1,1149.6599999999999,2025-08-30
974,102,Watch,Fashion,4196,30,4,9,4.2,395,24,1,East,Card,1,2937.2,2025-08-31
975,122,Laptop,Fashion,3930,7,2,8,2.8,95,34,1,North,UPI,0,3654.9,2025-09-01
976,117,Watch,Fashion,4174,14,1,8,3.9,344,31,1,West,Card,0,3589.64,2025-09-02
977,137,Headphones,Fashion,4429,30,3,8,3.3,102,48,1,West,Card,0,3100.3,2025-09-03
978,198,Laptop,Fashion,3265,29,3,1,3.0,401,13,0,East,COD,1,2318.15,2025-09-04
979,114,Shoes,Tech,4869,45,2,1,1.8,462,0,0,South,COD,0,2677.95,2025-09-05
980,163,Shoes,Tech,615,19,1,8,2.9,223,16,0,North,COD,1,498.15,2025-09-06
981,188,Laptop,Fashion,2503,38,3,5,2.0,5,24,1,East,COD,1,1551.8600000000001,2025-09-07
982,127,Phone,Fashion,1192,11,2,9,4.7,121,7,1,North,COD,1,1060.88,2025-09-08
983,173,Laptop,Tech,3662,48,2,2,2.3,235,4,1,North,COD,0,1904.24,2025-09-09
984,138,Headphones,Tech,1605,16,1,9,4.8,426,4,1,West,UPI,0,1348.2,2025-09-10
985,156,Phone,Tech,3508,41,4,8,3.1,115,40,1,East,Card,0,2069.7200000000003,2025-09-11
986,116,Shoes,Fashion,2661,29,2,9,3.5,162,34,1,West,COD,1,1889.31,2025-09-12
987,185,Laptop,Tech,653,28,4,4,3.2,225,18,0,East,UPI,0,470.15999999999997,2025-09-13
988,189,Watch,Fashion,4199,18,4,1,1.5,229,22,0,North,Card,0,3443.18,2025-09-14
989,143,Watch,Fashion,4910,45,3,1,2.5,181,8,0,West,COD,1,2700.5,2025-09-15
990,124,Headphones,Tech,4286,10,4,5,1.4,248,29,0,North,COD,1,3857.4,2025-09-16
991,116,Watch,Fashion,1564,33,1,2,3.5,317,49,0,East,UPI,0,1047.88,2025-09-17
992,112,Laptop,Fashion,4700,49,3,8,2.8,452,15,0,South,Card,1,2397.0,2025-09-18
993,183,Laptop,Fashion,2413,6,3,5,4.1,209,32,0,West,COD,0,2268.22,2025-09-19
994,124,Watch,Fashion,1716,43,3,5,1.9,143,1,0,West,Card,1,978.12,2025-09-20
995,167,Laptop,Tech,2901,33,2,2,1.7,391,13,1,North,UPI,1,1943.67,2025-09-21
996,109,Headphones,Tech,2272,19,2,7,2.6,344,45,1,North,COD,0,1840.32,2025-09-22
997,166,Phone,Fashion,2460,49,4,8,4.7,95,0,1,South,Card,1,1254.6,2025-09-23
998,117,Headphones,Fashion,3280,37,3,1,3.8,381,25,1,West,UPI,1,2066.4,2025-09-24
999,199,Headphones,Tech,3371,23,3,2,2.7,345,24,1,East,UPI,1,2595.67,2025-09-25
1000,185,Laptop,Fashion,1160,9,1,4,3.1,243,15,1,East,COD,0,1055.6,2025-09-26
